clonotype_id,frequency,proportion,cdr3s_aa,cdr3s_nt
clonotype1,2,0.00478468899522,IGK:CQQYNRWPPITF,IGK:TGTCAGCAGTATAATAGGTGGCCTCCGATCACCTTC
clonotype139,1,0.00239234449761,IGH:CVKRGVVLLYYMDVW;IGL:CVLYMGSGISVF,IGH:TGTGTGAAAAGGGGGGTCGTTCTTCTCTACTACATGGACGTCTGG;IGL:TGTGTACTATACATGGGCAGTGGCATTTCGGTGTTC
clonotype138,1,0.00239234449761,IGH:CARGVCSSTSCYTLDYYYYMDVW;IGL:CQSYDSSLRGVF,IGH:TGTGCGAGAGGGGTTTGTAGTAGTACCAGCTGCTACACCCTCGACTACTACTACTACATGGACGTCTGG;IGL:TGCCAGTCCTATGACAGCAGCCTGCGTGGGGTCTTC
clonotype137,1,0.00239234449761,IGH:CARVPGAYYDSSIFDYW;IGL:CQVWDSSSDHVVF,IGH:TGTGCGAGAGTGCCTGGGGCCTACTATGATAGTAGTATTTTTGACTACTGG;IGL:TGTCAGGTGTGGGATAGTAGTAGTGATCATGTGGTATTC
clonotype136,1,0.00239234449761,IGH:CAKSSTPLLIVVPAATLYYYGMDVW;IGK:CMQALQTPWTF,IGH:TGTGCAAAATCGTCCACTCCCCTATTAATAGTAGTACCAGCTGCTACTCTATACTACTACGGTATGGACGTCTGG;IGK:TGCATGCAAGCTCTACAAACTCCCTGGACGTTC
clonotype135,1,0.00239234449761,IGH:CARSLGYCAGDGCSGSFPMDVW;IGK:CQQSYSTLYTF;IGK:CQQRYNWPPPF,IGH:TGTGCGAGATCATTGGGATATTGTGCTGGTGATGGGTGCTCCGGTTCGTTCCCTATGGACGTCTGG;IGK:TGTCAACAGAGTTACAGTACCCTGTACACTTTT;IGK:TGTCAGCAGCGTTATAACTGGCCTCCCCCTTTC
clonotype134,1,0.00239234449761,IGH:CAKDFGAARRYFDYW;IGL:CSYAGSYTWVF,IGH:TGTGCAAAAGATTTTGGAGCAGCTCGTAGGTACTTTGACTACTGG;IGL:TGCTCATATGCAGGCAGCTACACTTGGGTGTTC
clonotype133,1,0.00239234449761,IGH:CARDQYSSMGFAW;IGK:CMQGTHWPVTF,IGH:TGTGCGAGAGACCAGTATAGCAGCATGGGCTTCGCCTGG;IGK:TGCATGCAAGGTACACACTGGCCTGTGACGTTC
clonotype132,1,0.00239234449761,IGH:CARDQVAGYGGYFDYW;IGK:CMQSIQLPITF,IGH:TGTGCGAGAGATCAAGTGGCTGGATATGGGGGGTACTTTGACTACTGG;IGK:TGCATGCAAAGTATACAGCTTCCCATCACCTTC
clonotype131,1,0.00239234449761,IGH:CAKSLGQGYYDFWSGSDYW;IGL:CSYAGSSFYVF,IGH:TGTGCGAAATCTTTGGGCCAGGGGTATTACGATTTTTGGAGTGGCTCTGACTACTGG;IGL:TGCTCATATGCAGGTAGTAGCTTTTATGTCTTC
clonotype130,1,0.00239234449761,IGH:CAKDKVGAGYYFDYW;IGL:CQAWDSSTSVVF,IGH:TGTGCAAAAGATAAGGTGGGAGCTGGGTACTACTTTGACTACTGG;IGL:TGTCAGGCGTGGGACAGCAGCACTTCCGTGGTATTC
clonotype42,1,0.00239234449761,IGH:CAKDYYVITGTTGGRYFDWLFPMIDYW;IGL:CQAWDSSTVVF,IGH:TGTGCGAAAGACTACTATGTTATAACTGGAACGACGGGTGGACGATATTTTGACTGGTTGTTCCCGATGATTGACTACTGG;IGL:TGTCAGGCGTGGGACAGCAGCACTGTGGTATTC
clonotype43,1,0.00239234449761,IGH:CAREKGHCPNGVCYTFAFDIW;IGK:CMQALQTPPTF,IGH:TGTGCGAGAGAAAAAGGACATTGTCCTAATGGTGTATGCTATACTTTTGCTTTTGATATCTGG;IGK:TGCATGCAAGCTCTACAAACTCCTCCGACGTTC
clonotype40,1,0.00239234449761,IGH:CARDLVEWLLVYW;IGL:CNSRDSSGDHVVF,IGH:TGTGCGAGAGATTTGGTCGAGTGGTTATTGGTCTACTGG;IGL:TGTAACTCCCGGGACAGCAGTGGTGACCATGTGGTATTC
clonotype41,1,0.00239234449761,IGH:CARIRREYSTGDAFDIW;IGK:CQQYNTYPWTF,IGH:TGTGCGAGAATACGACGTGAATACAGCACGGGAGATGCTTTTGATATCTGG;IGK:TGCCAACAGTATAATACTTACCCGTGGACGTTC
clonotype46,1,0.00239234449761,IGH:CAKAPIAAGGSYYYYYYYMDVW;IGL:CMLRMGSGIWVF,IGH:TGTGCGAAAGCCCCTATAGCAGCAGGTGGTTCATATTACTACTACTACTACTACATGGACGTCTGG;IGL:TGTATGCTGCGTATGGGTAGTGGCATTTGGGTGTTC
clonotype47,1,0.00239234449761,IGH:CARVHIAVAGEVAGFFDYW;IGK:CQQYGSSPFTF,IGH:TGTGCGAGAGTTCATATAGCAGTGGCTGGGGAGGTAGCGGGGTTCTTTGACTACTGG;IGK:TGTCAGCAGTATGGTAGCTCACCATTCACTTTC
clonotype44,1,0.00239234449761,IGH:CARARSYYGSGAAVDYW;IGK:CMQALQTPHTF,IGH:TGTGCGAGAGCTAGGAGTTACTATGGTTCGGGAGCCGCCGTTGACTACTGG;IGK:TGCATGCAAGCTCTACAAACTCCTCACACTTTT
clonotype45,1,0.00239234449761,IGH:CARHVEGLRFLGGGYYYMDVW;IGK:CQQYGSSPKFTF,IGH:TGTGCGAGACATGTAGAGGGATTACGATTTTTGGGGGGCGGCTACTACTACATGGACGTCTGG;IGK:TGTCAGCAGTATGGTAGCTCACCTAAATTCACTTTC
clonotype48,1,0.00239234449761,IGH:CARGIPAMVYGNGKKYYYYYYMDVW,IGH:TGTGCGAGAGGCATTCCAGCTATGGTTTATGGCAACGGCAAAAAATACTACTACTACTACTACATGGACGTCTGG
clonotype49,1,0.00239234449761,IGH:CTTDRIQLWSPERNW;IGK:CMQALQTPFTF,IGH:TGTACCACAGACCGGATACAGCTATGGTCACCAGAACGCAACTGG;IGK:TGCATGCAAGCTCTACAAACCCCATTCACTTTC
clonotype229,1,0.00239234449761,IGH:CARDWVNYGSGSYFDYW;IGL:CQSYDSSLSGRDVVF,IGH:TGTGCGAGAGATTGGGTGAACTATGGTTCGGGGAGCTACTTTGACTACTGG;IGL:TGCCAGTCCTATGACAGCAGCCTGAGTGGTCGGGATGTGGTATTC
clonotype228,1,0.00239234449761,IGH:CARPRYPYSSSWYYFDYW;IGL:CAAWDDSLSGVVF,IGH:TGTGCGAGACCAAGGTACCCGTATAGCAGCAGCTGGTACTACTTTGACTACTGG;IGL:TGTGCAGCATGGGATGACAGCCTGAGTGGTGTGGTATTC
clonotype9,1,0.00239234449761,IGH:CARADSSGYYLGYGMDVW;IGL:CQVWDSSSDLYVVF,IGH:TGTGCAAGGGCAGATAGTAGTGGTTATTACTTGGGCTACGGTATGGACGTCTGG;IGL:TGTCAGGTGTGGGATAGTAGTAGTGATCTTTATGTGGTATTC
clonotype8,1,0.00239234449761,IGH:CARGVVVVPAASTRLHYYYYYMDVW;IGH:CVKGGIAPFGYNW;IGK:CQQYHNWPWTF;IGL:CQSYDTSNVIF,IGH:TGTGCGAGGGGGGTTGTAGTAGTACCAGCTGCCTCCACAAGGCTCCACTACTACTACTACTACATGGACGTCTGG;IGH:TGTGTCAAAGGGGGAATAGCTCCGTTCGGCTACAACTGG;IGK:TGTCAGCAGTATCATAACTGGCCGTGGACGTTC;IGL:TGTCAGTCTTATGATACCAGCAATGTGATATTC
clonotype223,1,0.00239234449761,IGH:CAEENTW,IGH:TGTGCGGAGGAAAACACATGG
clonotype4,1,0.00239234449761,IGH:CARQVPKAARRESGATGWFDPW;IGK:CQQYNNWPRTF,IGH:TGTGCGAGACAGGTGCCGAAAGCAGCTCGAAGAGAGTCTGGGGCTACGGGGTGGTTCGACCCCTGG;IGK:TGTCAGCAGTATAATAACTGGCCTCGGACGTTC
clonotype7,1,0.00239234449761,IGH:CAKGGGDNGYYFDYW;IGK:CQQYYSTPPTF,IGH:TGTGCGAAAGGGGGAGGGGATAATGGGTACTACTTTGACTACTGG;IGK:TGTCAGCAATATTATAGTACTCCTCCGACTTTT
clonotype6,1,0.00239234449761,IGH:CAAGGCSSTSCYTNYYYYYGMDVW;IGK:CQQYGSSPWTF,IGH:TGTGCGGCAGGGGGTTGTAGTAGTACCAGCTGCTATACGAATTACTACTACTACTACGGTATGGACGTCTGG;IGK:TGTCAGCAGTATGGTAGCTCACCGTGGACGTTC
clonotype227,1,0.00239234449761,IGH:CAKQNWDDAFDIW;IGH:CARGLGRNFLHAW;IGK:CMQGTHWPPLTF;IGL:CSYAGSSTYVF,IGH:TGTGCGAAACAAAACTGGGATGATGCTTTTGATATCTGG;IGH:TGTGCGAGAGGGTTAGGACGAAACTTCTTGCACGCCTGG;IGK:TGCATGCAAGGTACACACTGGCCCCCTCTCACTTTC;IGL:TGCTCATATGCAGGTAGTAGCACTTATGTCTTC
clonotype226,1,0.00239234449761,IGH:CARSGRIAVAGTGFGYW;IGK:CQQYNSYPYTF,IGH:TGTGCGAGATCAGGCCGAATAGCAGTGGCTGGTACAGGTTTCGGCTACTGG;IGK:TGCCAACAGTATAATAGTTACCCGTACACTTTT
clonotype3,1,0.00239234449761,IGH:CAHTYYDILTGYYNVRECYFDYW;IGL:CQVWDSSSDHRVVF,IGH:TGTGCACACACCTATTACGATATTTTGACTGGTTATTATAATGTCAGGGAATGCTACTTTGACTACTGG;IGL:TGTCAGGTGTGGGATAGTAGTAGTGATCATCGTGTGGTATTC
clonotype224,1,0.00239234449761,IGH:CARASGEGSGTYFLWPFDYW;IGK:CLQDYTYPRTF,IGH:TGTGCGAGAGCAAGTGGGGAGGGTTCGGGGACTTATTTTCTCTGGCCCTTTGACTACTGG;IGK:TGTCTCCAGGACTACACTTACCCTCGGACGTTC
clonotype249,1,0.00239234449761,IGH:CARILPITMVRGVTLQNWFDPW;IGK:CQQSYSTRALTF,IGH:TGTGCACGGATACTCCCCATTACTATGGTTCGGGGAGTGACCCTGCAAAACTGGTTCGACCCCTGG;IGK:TGTCAACAGAGTTACAGTACCCGAGCGCTCACTTTC
clonotype323,1,0.00239234449761,IGH:CAREVALLGVSYNWFDPW;IGL:CAAWDDSLNGPVF,IGH:TGTGCGAGAGAGGTCGCGCTACTAGGTGTTTCGTACAACTGGTTCGACCCCTGG;IGL:TGTGCAGCATGGGATGACAGCCTGAATGGTCCGGTATTC
clonotype357,1,0.00239234449761,IGH:CARGPRVEYSSSSGPGVGFDYW;IGL:CGTWDSSLSAYVF,IGH:TGTGCGAGAGGACCACGTGTTGAGTATAGCAGCTCGTCTGGTCCGGGAGTAGGCTTTGACTACTGG;IGL:TGCGGAACATGGGATAGCAGCCTGAGTGCTTATGTCTTC
clonotype356,1,0.00239234449761,IGH:CAKGPLGDFWSGYRDYYYYMDVW;IGL:CSSYTSSSTLVF;IGL:CQSADSSGHRVF,IGH:TGTGCGAAAGGGCCCCTTGGGGATTTTTGGAGTGGTTATCGGGACTACTACTACTACATGGACGTCTGG;IGL:TGCAGCTCATATACAAGCAGCAGCACTCTGGTATTC;IGL:TGTCAATCAGCAGACAGCAGTGGTCATCGGGTGTTC
clonotype355,1,0.00239234449761,IGH:CARHSSGYYRYW;IGK:CQQYNSYSPTF,IGH:TGTGCGAGACATAGTAGTGGTTATTATCGCTACTGG;IGK:TGCCAACAGTATAATAGTTATTCTCCGACGTTC
clonotype354,1,0.00239234449761,IGH:CAREGSNTVTTYDYW;IGL:CAAWDDSLSVVF,IGH:TGTGCCAGAGAGGGATCGAATACGGTGACTACGTATGACTACTGG;IGL:TGTGCAGCATGGGATGACAGCCTGTCCGTGGTATTC
clonotype353,1,0.00239234449761,IGH:CARDIIGTSSAFDIW;IGL:CAAWDDSLNGQVF,IGH:TGTGCGAGAGATATTATTGGAACCTCGTCTGCTTTTGATATCTGG;IGL:TGTGCAGCATGGGATGACAGCCTGAATGGTCAGGTCTTC
clonotype352,1,0.00239234449761,IGH:CARDRNKKGSLNFDPW;IGK:CQQSYSTPSTF,IGH:TGTGCGAGAGATCGGAATAAAAAGGGCTCGCTAAATTTCGACCCCTGG;IGK:TGTCAACAGAGTTACAGTACCCCTTCGACTTTC
clonotype298,1,0.00239234449761,IGH:CARTTGGGYSSGWYRRLVPLDYW;IGK:CMQGIHLPGTF,IGH:TGTGCGAGAACGACAGGTGGGGGGTATAGCAGTGGCTGGTATCGGCGCTTGGTTCCGCTTGACTACTGG;IGK:TGCATGCAAGGTATACACCTTCCGGGCACTTTC
clonotype350,1,0.00239234449761,IGH:CARDLGFYYDSSGSTW;IGK:CQQYNSYSSYTF;IGL:CSYAGRYTHYVF,IGH:TGTGCGAGAGATCTAGGGTTTTACTATGATAGTAGTGGTTCCACCTGG;IGK:TGCCAACAGTATAATAGTTATTCGTCGTACACTTTT;IGL:TGCTCATATGCAGGCAGATACACCCATTATGTCTTC
clonotype296,1,0.00239234449761,IGH:CATETPNIAAAGYYYYYYMDVW;IGL:CQSYDSSLSGSVVF,IGH:TGTGCAACAGAAACCCCAAATATAGCAGCAGCTGGTTACTACTACTACTACTACATGGACGTCTGG;IGL:TGCCAGTCCTATGACAGCAGCCTGAGTGGTTCTGTGGTATTC
clonotype297,1,0.00239234449761,IGH:CARDRDSSSPYNWFDPW;IGK:CQQSYSTPRTF,IGH:TGTGCGAGAGATCGGGATAGCAGCAGCCCGTACAACTGGTTCGACCCCTGG;IGK:TGTCAACAGAGTTACAGTACCCCTCGGACTTTT
clonotype294,1,0.00239234449761,IGL:CNSRDSSGTRVF,IGL:TGTAACTCCCGGGACAGCAGTGGTACGAGGGTGTTC
clonotype295,1,0.00239234449761,IGH:CARDPGSGWRFDAFDVW;IGK:CQQYFATPPVTF,IGH:TGTGCGAGAGACCCTGGCAGTGGCTGGCGATTTGATGCTTTTGATGTCTGG;IGK:TGTCAGCAATATTTTGCTACTCCTCCGGTCACGTTC
clonotype292,1,0.00239234449761,IGH:CARTPVITMVRGVIINWFDPW;IGL:CSSYTSSSTLYVF,IGH:TGTGCGAGGACCCCCGTTATTACTATGGTTCGGGGAGTTATTATAAACTGGTTCGACCCCTGG;IGL:TGCAGCTCATATACAAGCAGCAGCACTCTCTATGTCTTC
clonotype293,1,0.00239234449761,IGH:CARDLGSGWPRRVNYFDYW;IGK:CQQYGSSPLFTF,IGH:TGTGCAAGAGATCTCGGAAGTGGCTGGCCTCGAAGAGTGAACTACTTTGACTACTGG;IGK:TGTCAGCAGTATGGTAGCTCACCTTTATTCACTTTC
clonotype290,1,0.00239234449761,IGH:CAKDGGTVVVHWYLDLW;IGL:CQSYDSNLSGWVF,IGH:TGTGCGAAAGATGGGGGGACCGTTGTGGTTCACTGGTACCTCGATCTCTGG;IGL:TGCCAGTCCTATGACAGCAACCTGAGTGGTTGGGTGTTC
clonotype291,1,0.00239234449761,IGH:CARHSGEYSSGWYGLGYFDYW;IGK:CQQYGSSPRF,IGH:TGTGCGAGACATTCTGGCGAGTATAGCAGTGGCTGGTACGGGCTGGGGTACTTTGACTACTGG;IGK:TGTCAGCAGTATGGTAGCTCACCTCGGTTC
clonotype243,1,0.00239234449761,IGH:CARVNSGSYYVLDYW;IGL:CQAWDSSTVVF,IGH:TGTGCGAGGGTGAATAGTGGGAGCTACTACGTGCTTGACTACTGG;IGL:TGTCAGGCGTGGGACAGCAGCACCGTGGTATTC
clonotype329,1,0.00239234449761,IGH:CARGGCSSTSCPPYYGMDVW;IGL:CQVWDSSSDHYVF,IGH:TGTGCGAGAGGAGGATGTAGTAGTACCAGCTGCCCGCCTTACTACGGTATGGACGTCTGG;IGL:TGTCAGGTGTGGGATAGTAGTAGTGATCATTATGTCTTC
clonotype173,1,0.00239234449761,IGH:CARDKTAIFGVVIITLFHGMDVW;IGK:CQQRRRTF,IGH:TGTGCGAGAGATAAGACGGCGATTTTTGGAGTGGTTATCATCACCCTGTTCCACGGTATGGACGTCTGG;IGK:TGTCAGCAGCGTAGGAGGACTTTC
clonotype172,1,0.00239234449761,IGH:CTSHGPYPADYW;IGL:CLLSYSGARVF,IGH:TGTACTAGCCATGGGCCATATCCGGCTGACTACTGG;IGL:TGCTTGCTCTCCTATAGTGGTGCTCGGGTATTC
clonotype171,1,0.00239234449761,IGH:CARVGQYYDFWSGYSETRRNDWFDPW;IGK:CQQYNNWPQTF,IGH:TGTGCGAGAGTTGGACAGTATTACGATTTTTGGAGTGGTTATTCCGAAACCCGTCGCAACGACTGGTTCGACCCCTGG;IGK:TGTCAGCAGTATAATAACTGGCCTCAGACTTTT
clonotype170,1,0.00239234449761,IGH:CARDIVVVPAAIPERPNYYYYGMDVW;IGL:CSSYTSSSTPYVF,IGH:TGTGCGAGAGATATTGTAGTAGTACCAGCTGCTATACCGGAGCGGCCGAACTACTACTACTACGGTATGGACGTCTGG;IGL:TGCAGCTCATATACAAGCAGCAGCACTCCTTATGTCTTC
clonotype177,1,0.00239234449761,IGH:CASDYFDGDSESLGYW;IGK:CQHYNNWPNF,IGH:TGTGCGAGCGATTACTTCGATGGTGACTCCGAGAGCCTTGGCTACTGG;IGK:TGTCAGCACTATAATAACTGGCCCAACTTC
clonotype176,1,0.00239234449761,IGH:CARDRDSSSWYAGPW,IGH:TGTGCGAGAGATCGGGATAGCAGCAGCTGGTACGCGGGGCCCTGG
clonotype175,1,0.00239234449761,IGH:CTRLLEWLSYYYGMDVW;IGK:CMQALQTPPGTF;IGL:CETWDSNIVVF,IGH:TGTACTAGACTTTTGGAGTGGTTATCCTACTACTACGGTATGGACGTCTGG;IGK:TGCATGCAAGCTCTACAAACTCCTCCGGGCACTTTC;IGL:TGTGAGACCTGGGACAGTAACATCGTGGTATTC
clonotype174,1,0.00239234449761,IGH:CARDFRDGDYVTYGMDVW;IGK:CMQALQTPLTF,IGH:TGTGCGAGAGATTTCCGGGACGGTGACTACGTAACGTACGGTATGGACGTCTGG;IGK:TGCATGCAAGCTCTACAAACTCCTCTTACTTTC
clonotype179,1,0.00239234449761,IGH:CARAVWSGSYLVLDYW;IGL:CQAWDSSTVVF,IGH:TGTGCGAGAGCGGTATGGAGTGGGAGCTACTTGGTTTTAGACTACTGG;IGL:TGTCAGGCGTGGGACAGCAGCACTGTGGTATTC
clonotype178,1,0.00239234449761,IGH:CAVNYCTNGVCYTAYYYYGMDVW;IGK:CQQYNNWPQTF,IGH:TGTGCGGTAAACTATTGTACTAATGGTGTATGCTATACGGCCTACTACTACTACGGTATGGACGTCTGG;IGK:TGTCAGCAGTATAATAACTGGCCTCAGACGTTC
clonotype359,1,0.00239234449761,IGH:CARGELDPGPPYYYMDVW;IGL:CQAWDSSTVVF,IGH:TGTGCCAGAGGGGAACTGGACCCCGGCCCCCCTTACTACTACATGGACGTCTGG;IGL:TGTCAGGCGTGGGACAGCAGCACTGTGGTATTC
clonotype358,1,0.00239234449761,IGH:CARDNGLVGANAFDYW;IGK:CQQYYSTYSITF,IGH:TGTGCGAGAGATAATGGGTTAGTGGGAGCTAACGCATTTGACTACTGG;IGK:TGTCAGCAATATTATAGTACTTATTCGATCACCTTC
clonotype91,1,0.00239234449761,IGH:CARGNCRGGSCYSNYYYYYGMDAW;IGK:CQQGYNTPLTF,IGH:TGTGCGAGAGGAAATTGTCGTGGTGGTAGCTGTTATTCCAACTACTACTACTACTACGGTATGGACGCCTGG;IGK:TGTCAACAGGGTTACAATACCCCTCTCACTTTC
clonotype90,1,0.00239234449761,IGH:CARDNRWYSSSSGSYDYW;IGL:CSSYTSSSNVVF,IGH:TGTGCCAGAGATAACCGGTGGTATAGCAGCTCGTCCGGATCGTATGACTACTGG;IGL:TGCAGCTCATATACAAGCAGCAGCAACGTGGTATTC
clonotype93,1,0.00239234449761,IGH:CAKAGGKVATPFDPW;IGL:CSSYAGSNNYVF,IGH:TGTGCGAAAGCCGGTGGTAAAGTAGCTACCCCTTTCGACCCCTGG;IGL:TGCAGCTCATATGCAGGCAGCAACAATTATGTCTTC
clonotype92,1,0.00239234449761,IGK:CQQYYSTPYTF,IGK:TGTCAGCAATATTATAGTACTCCGTACACTTTT
clonotype95,1,0.00239234449761,IGK:CQQYGSSPF;IGL:CQAWDSSVVF,IGK:TGTCAGCAGTATGGTAGCTCCCCTTTC;IGL:TGTCAGGCGTGGGACAGCAGCGTGGTCTTC
clonotype94,1,0.00239234449761,IGH:CARLTTVTPESDAFDIW;IGL:CAAWDDSLRVVF,IGH:TGTGCACGCTTAACTACGGTGACCCCCGAGAGTGATGCTTTTGATATCTGG;IGL:TGTGCAGCATGGGATGACAGCCTGAGAGTGGTATTC
clonotype97,1,0.00239234449761,IGH:CAKDYHSQWTDAFDIW;IGK:CQQANSFPFTF,IGH:TGTGCGAAAGATTACCACTCGCAGTGGACGGATGCTTTTGATATCTGG;IGK:TGTCAACAGGCTAACAGTTTCCCATTCACTTTC
clonotype96,1,0.00239234449761,IGH:CAKDGYQTIYYYASGSLGPW;IGL:CQTWGTGIWVF,IGH:TGTGCGAAAGATGGATACCAGACAATCTATTATTATGCTTCGGGGAGTCTTGGCCCCTGG;IGL:TGTCAGACCTGGGGCACTGGCATTTGGGTGTTC
clonotype99,1,0.00239234449761,IGH:CARDRGSILLDYW;IGL:CAAWDDSPNWVF,IGH:TGTGCGAGAGATCGTGGTAGTATCCTCCTTGACTACTGG;IGL:TGTGCAGCATGGGATGACAGCCCTAATTGGGTGTTC
clonotype98,1,0.00239234449761,IGH:CARHQWLPYYYYYYMDVW;IGL:CSSYTSSSTLVVF,IGH:TGTGCGAGACATCAGTGGTTACCCTACTACTACTACTACTACATGGACGTCTGG;IGL:TGCAGCTCATATACAAGCAGCAGCACTCTCGTCGTCTTC
clonotype79,1,0.00239234449761,IGH:CARGRDILTGYWANWFDPW;IGK:CQQYDNLPYTF,IGH:TGTGCGAGAGGGAGGGATATTTTGACTGGTTATTGGGCAAACTGGTTCGACCCCTGG;IGK:TGTCAACAGTATGATAATCTCCCGTACACTTTT
clonotype78,1,0.00239234449761,IGH:CVRADSAAPTLARHW;IGK:CQHYKSYPLTF,IGH:TGTGTTAGAGCAGACTCGGCTGCTCCAACCTTGGCTCGTCACTGG;IGK:TGCCAACACTATAAAAGTTACCCTCTCACCTTC
clonotype73,1,0.00239234449761,IGH:CARAGITMIVDAFDIW;IGL:CQSYDSSLSGRVF,IGH:TGTGCGAGAGCCGGTATTACTATGATAGTAGATGCTTTTGATATCTGG;IGL:TGCCAGTCCTATGACAGCAGCCTGAGTGGGAGGGTCTTC
clonotype72,1,0.00239234449761,IGH:CARDLWGDYYGSGPHLDW;IGK:CQQRSNWPLTF,IGH:TGTGCGAGAGATCTTTGGGGGGATTACTATGGTTCGGGGCCGCACCTAGACTGG;IGK:TGTCAGCAGCGTAGCAACTGGCCGCTCACTTTC
clonotype71,1,0.00239234449761,IGH:CAKDLSDEASPYYFDYW;IGL:CQSYDSSLSVVF,IGH:TGTGCGAAAGATCTTTCGGATGAGGCTTCGCCATACTACTTTGACTACTGG;IGL:TGCCAGTCCTATGACAGCAGCCTGAGTGTGGTATTC
clonotype70,1,0.00239234449761,IGH:CARHLDASYSSALFYFDHW;IGL:CSYAGSGGTGVF,IGH:TGTGCACGACACTTGGACGCGAGTTATAGTAGTGCCCTCTTCTACTTTGACCACTGG;IGL:TGTTCATATGCAGGAAGTGGTGGTACTGGGGTGTTC
clonotype77,1,0.00239234449761,IGH:CARGRYHDYSNYRKVYYFDFW;IGK:CQQYGSSPYTF,IGH:TGTGCGAGGGGGCGTTACCATGACTACAGTAACTACCGTAAGGTTTACTACTTTGACTTCTGG;IGK:TGTCAACAGTATGGTAGCTCACCGTACACTTTT
clonotype76,1,0.00239234449761,IGK:CMQGLQTRGF,IGK:TGCATGCAAGGTCTACAAACCCGAGGGTTC
clonotype75,1,0.00239234449761,IGH:CARTGSEAGSRGDYFDYW;IGL:CQSADSSGTYPGVVF,IGH:TGTGCGAGAACCGGGAGTGAGGCTGGATCAAGAGGGGACTACTTTGACTACTGG;IGL:TGTCAATCAGCAGACAGCAGTGGTACTTATCCGGGTGTGGTATTC
clonotype74,1,0.00239234449761,IGH:CARTNSEYSSSLFDPW;IGL:CQVWDSSSDHYVF,IGH:TGTGCACGGACCAATTCAGAGTATAGCAGCTCGCTGTTCGACCCCTGG;IGL:TGTCAGGTGTGGGATAGTAGTAGTGATCATTATGTCTTC
clonotype319,1,0.00239234449761,IGH:CARVGTGDYDFWSVLNYYYMDVW;IGK:CQQYNSYPLTF;IGL:CAAWDDSLSGPVF,IGH:TGTGCGAGAGTTGGGACGGGCGATTACGATTTTTGGAGTGTCCTGAACTACTACTACATGGACGTCTGG;IGK:TGCCAACAGTATAATAGTTACCCTCTCACTTTC;IGL:TGTGCAGCATGGGATGACAGCCTGAGTGGTCCGGTATTC
clonotype318,1,0.00239234449761,IGH:CARDGRTAVTSTAPFDMW;IGK:CQHRINWPLTF,IGH:TGTGCGAGAGACGGGAGAACGGCAGTGACTAGTACAGCGCCTTTTGATATGTGG;IGK:TGTCAGCACCGTATCAACTGGCCTCTCACTTTC
clonotype313,1,0.00239234449761,IGH:CASPAFRSGSPQRADYW;IGK:CQQYYSYPRWTF,IGH:TGTGCGAGTCCCGCCTTTAGGAGTGGGAGTCCCCAACGAGCTGACTACTGG;IGK:TGTCAACAGTATTATAGTTACCCTCGGTGGACGTTC
clonotype312,1,0.00239234449761,IGH:CVRGVLRDFYGTGSYAYW;IGK:CQDYGASSVNF,IGH:TGTGTGAGAGGCGTCCTTCGGGATTTTTATGGAACGGGGAGCTATGCCTATTGG;IGK:TGTCAAGACTATGGTGCCTCATCGGTCAACTTC
clonotype311,1,0.00239234449761,IGH:CAKDTLGWFGELSNAFDIW,IGH:TGTGCGAAAGATACTCTCGGGTGGTTCGGGGAGTTATCCAATGCTTTTGATATCTGG
clonotype310,1,0.00239234449761,IGL:CAAWDDSLNGVVF,IGL:TGTGCAGCATGGGATGACAGCCTGAATGGTGTGGTATTC
clonotype317,1,0.00239234449761,IGH:CAKETYGSGSGFGYYYYGMDVW;IGL:CGTWDSSLSAGVF,IGH:TGTGCAAAAGAGACCTATGGTTCGGGGAGTGGATTTGGGTACTACTACTACGGTATGGACGTCTGG;IGL:TGCGGAACATGGGATAGCAGCCTGAGTGCTGGGGTATTC
clonotype316,1,0.00239234449761,IGH:CARDSFSGWGVAIHYYMDVW,IGH:TGTGCGAGAGATTCATTTTCGGGGTGGGGGGTCGCCATTCACTACTACATGGACGTCTGG
clonotype315,1,0.00239234449761,IGH:CARTYYDFWSGYYGNW;IGK:CQQYGSSLLTF;IGK:CLQHNSYPRTF,IGH:TGTGCGAGAACGTATTACGATTTTTGGAGTGGTTATTACGGGAACTGG;IGK:TGTCAGCAGTATGGTAGCTCATTGCTCACTTTC;IGK:TGTCTACAGCATAATAGTTACCCTCGAACTTTT
clonotype314,1,0.00239234449761,IGH:CARDYCGGDCYDAFDIW;IGK:CMQALQTPLTF,IGH:TGTGCGAGGGACTATTGTGGTGGTGATTGCTATGATGCTTTTGATATCTGG;IGK:TGCATGCAAGCTCTACAAACTCCCCTCACTTTC
clonotype252,1,0.00239234449761,IGH:CTTDPLLLWFGELLSFNYW;IGK:CQQYGSSPPTF,IGH:TGTACCACAGATCCTTTATTACTATGGTTCGGGGAGTTATTATCGTTTAACTACTGG;IGK:TGTCAGCAGTATGGTAGCTCACCTCCGACGTTC
clonotype253,1,0.00239234449761,IGH:CARDLLRVGDYVDYYYYYGMDVW;IGK:CQQYNNWPLTF,IGH:TGTGCGAGAGATCTCCTCCGCGTGGGTGACTACGTGGATTACTACTACTACTACGGTATGGACGTCTGG;IGK:TGTCAGCAGTATAATAACTGGCCTCTCACTTTC
clonotype250,1,0.00239234449761,IGH:CAKDPNRYSGSYRGDMFDYW;IGK:CQQYNSPATF,IGH:TGTGCGAAAGATCCCAACCGTTATAGTGGGAGCTACCGGGGGGACATGTTTGACTACTGG;IGK:TGCCAACAGTATAATAGTCCCGCGACGTTC
clonotype251,1,0.00239234449761,IGH:CARSYYDFWSGYYSYYMDVW;IGL:CAAWDDSLNGQVF,IGH:TGTGCGAGATCGTATTACGATTTTTGGAGTGGTTATTACTCCTACTACATGGACGTCTGG;IGL:TGTGCAGCATGGGATGACAGCCTGAATGGTCAAGTGTTC
clonotype256,1,0.00239234449761,IGH:CARIFRRGISGWSFVDAFDIW;IGL:CNSRDSSGNHRVF,IGH:TGTGCACGGATATTCCGCAGGGGGATCAGTGGCTGGTCCTTCGTTGATGCTTTTGATATCTGG;IGL:TGTAACTCCCGGGACAGCAGTGGTAACCATAGAGTGTTC
clonotype257,1,0.00239234449761,IGH:CVRGTEYNPKYSYDSMDNWFDPW;IGL:CQAWDSSTAVF,IGH:TGTGTAAGAGGGACAGAATACAACCCCAAATACAGCTATGATTCTATGGACAACTGGTTCGACCCCTGG;IGL:TGTCAGGCGTGGGACAGCAGCACTGCGGTGTTC
clonotype254,1,0.00239234449761,IGH:CARVQWLRPKGSYIYW;IGK:CQQYGSSPPYTF,IGH:TGTGCGAGAGTGCAGTGGCTACGACCCAAAGGATCTTACATCTACTGG;IGK:TGTCAGCAGTATGGTAGCTCACCTCCGTACACTTTT
clonotype255,1,0.00239234449761,IGH:CARDRIVGATTGAFDIW;IGK:CQQYGSSPWTF,IGH:TGTGCGAGAGATCGTATAGTGGGAGCTACTACTGGTGCTTTTGATATCTGG;IGK:TGTCAGCAGTATGGTAGCTCACCGTGGACGTTC
clonotype258,1,0.00239234449761,IGH:CARLSGSYSHPIHYGMDVW;IGK:CMQALQTPMYTF,IGH:TGTGCGAGACTGTCTGGGAGCTACTCCCATCCTATCCACTACGGTATGGACGTCTGG;IGK:TGCATGCAAGCTCTACAAACTCCCATGTACACTTTT
clonotype259,1,0.00239234449761,IGH:CARATEPRIMVSGKSEYGVDVW;IGL:CQAANSSGTYHVVF,IGH:TGTGCGCGAGCAACTGAGCCCCGGATCATGGTCTCTGGAAAATCCGAGTACGGCGTGGACGTCTGG;IGL:TGTCAAGCGGCAAACAGCAGTGGGACTTATCATGTCGTTTTC
clonotype407,1,0.00239234449761,IGH:CARDFVGSYYYDSSGYYYFDYW;IGK:CQQSYSTPRTF,IGH:TGTGCGAGAGATTTCGTGGGGTCGTATTACTATGATAGTAGTGGTTATTACTACTTTGACTACTGG;IGK:TGTCAACAGAGTTACAGTACCCCCCGGACGTTC
clonotype406,1,0.00239234449761,IGH:CARISSMVRGVPDYYMDVW,IGH:TGTGCGAGGATATCCTCTATGGTTCGGGGAGTACCTGACTACTACATGGACGTCTGG
clonotype405,1,0.00239234449761,IGH:CARGEGAGYCSGGSCRQDAPW;IGL:CAAWDDSLNGQVF,IGH:TGTGCGAGAGGAGAGGGGGCCGGATATTGTAGTGGTGGTAGCTGCCGCCAGGATGCTCCCTGG;IGL:TGTGCAGCATGGGATGACAGCCTGAATGGTCAGGTGTTC
clonotype404,1,0.00239234449761,IGH:CAREGVWYGMDVW;IGL:CSYAGSSAYVF,IGH:TGTGCGAGAGAAGGAGTGTGGTACGGTATGGACGTCTGG;IGL:TGCTCATATGCAGGTAGTAGCGCTTATGTCTTC
clonotype403,1,0.00239234449761,IGH:CARDPDSYIAAAGDYYYYYMDVW;IGL:CQAWDSSTVVF,IGH:TGTGCGAGAGACCCTGACAGTTATATAGCAGCAGCTGGGGACTACTACTACTACTACATGGACGTCTGG;IGL:TGTCAGGCGTGGGACAGCAGCACTGTGGTATTC
clonotype402,1,0.00239234449761,IGH:CARVEWYSGSYYVDYW;IGL:CQTWGTGSWVF,IGH:TGTGCGAGAGTCGAGTGGTATAGTGGGAGCTACTACGTGGACTACTGG;IGL:TGTCAGACCTGGGGCACTGGCTCTTGGGTGTTC
clonotype401,1,0.00239234449761,IGH:CARRGGVTYIDYW;IGK:CQQYDNLPLTF,IGH:TGTGCGAGGAGGGGTGGGGTGACTTACATTGACTACTGG;IGK:TGTCAACAGTATGATAATCTCCCGCTCACTTTC
clonotype400,1,0.00239234449761,IGH:CASQAYYYDSSGSPFGWYFDLW;IGK:CQQYNSYSYTF,IGH:TGTGCGAGCCAAGCGTATTACTATGATAGTAGTGGTTCCCCGTTCGGCTGGTACTTCGATCTCTGG;IGK:TGCCAACAGTATAATAGTTACTCGTACACTTTT
clonotype409,1,0.00239234449761,IGH:CAKPLVSGYYYVDYW;IGK:CQQANSFPPGTF,IGH:TGTGCGAAACCCTTAGTAAGTGGTTATTACTATGTTGACTACTGG;IGK:TGTCAACAGGCTAACAGTTTCCCTCCGGGCACTTTT
clonotype408,1,0.00239234449761,IGH:CAREGAYYYDSSGSPGLYYYYGMDVW;IGL:CSSYTSSSTLYVF,IGH:TGTGCGAGAGAGGGGGCCTATTACTATGATAGTAGTGGTTCGCCCGGCTTGTACTACTACTACGGTATGGACGTCTGG;IGL:TGCAGCTCATATACAAGCAGCAGCACTCTTTATGTCTTC
clonotype2,1,0.00239234449761,IGH:CASRHHW;IGK:CMQGIHLPLYTF;IGK:CLQHNSYPPWTF,IGH:TGTGCATCCCGACACCACTGG;IGK:TGCATGCAAGGTATACACCTTCCTCTGTACACTTTT;IGK:TGTCTACAGCATAATAGTTACCCTCCGTGGACGTTC
clonotype108,1,0.00239234449761,IGK:CQQRSNWPLTF,IGK:TGTCAGCAGCGTAGCAACTGGCCTCTCACTTTC
clonotype109,1,0.00239234449761,IGK:CQQRRNWPPFTF,IGK:TGTCAGCAGCGTAGGAACTGGCCTCCTTTCACCTTC
clonotype102,1,0.00239234449761,IGH:CAREDCSGGSCYSSAYFQHW;IGL:CAAWDDSLSGAVF,IGH:TGTGCGAGAGAAGACTGTAGTGGTGGTAGCTGCTACTCATCTGCGTACTTCCAGCACTGG;IGL:TGTGCAGCATGGGATGACAGCCTGAGTGGTGCTGTGTTC
clonotype103,1,0.00239234449761,IGH:CARDNEVRDYDFWSGYYVGEYFQHW;IGL:CNSRDSSGNHRVF,IGH:TGTGCGAGAGATAACGAGGTGCGGGATTACGATTTTTGGAGTGGTTATTACGTAGGGGAATACTTCCAGCACTGG;IGL:TGTAACTCCCGGGACAGCAGTGGTAACCATCGGGTGTTC
clonotype100,1,0.00239234449761,IGH:CASPSLGFCLNGICYRQEDYW;IGL:CNSFAGSNTWVF,IGH:TGTGCGAGCCCGTCCCTGGGATTTTGTCTTAATGGTATCTGCTATCGCCAGGAGGACTACTGG;IGL:TGCAATTCATTTGCAGGCAGCAACACATGGGTCTTC
clonotype101,1,0.00239234449761,IGH:CARGPNCSGGSCYRPYYYYMDVW;IGL:CQTWDSSTAGVLF,IGH:TGTGCGAGAGGCCCTAATTGTAGTGGTGGGAGTTGCTATCGTCCCTACTACTATTACATGGACGTCTGG;IGL:TGTCAGACGTGGGACAGTAGCACTGCAGGCGTACTATTC
clonotype106,1,0.00239234449761,IGH:CARTIAVVPAAIDYWFDPW;IGK:CQQYYSFWTF,IGH:TGTGCGAGGACCATTGCAGTAGTACCAGCTGCTATCGATTACTGGTTCGACCCCTGG;IGK:TGTCAGCAATATTATAGTTTCTGGACGTTC
clonotype107,1,0.00239234449761,IGH:CARISSGSQHGEYYYYMDVW;IGK:CMQGIHLITF,IGH:TGTGCACGGATATCGAGTGGGAGCCAACATGGAGAGTACTACTACTACATGGACGTCTGG;IGK:TGCATGCAAGGTATACACCTTATCACCTTC
clonotype104,1,0.00239234449761,IGH:CAKGGVQGNYYGMDVW;IGK:CMQALQTPVTF,IGH:TGTGCGAAAGGGGGTGTCCAAGGGAACTACTACGGTATGGACGTCTGG;IGK:TGCATGCAAGCTCTACAAACTCCAGTCACTTTC
clonotype105,1,0.00239234449761,IGH:CARDQGYCSGGSCYGVRNWFDPW;IGH:CARGVDNWFDPW;IGK:CQQYYSTPWTF;IGL:CSSYTSSSYVVF,IGH:TGTGCGAGAGATCAGGGATATTGTAGTGGTGGTAGCTGCTACGGGGTACGCAACTGGTTCGACCCCTGG;IGH:TGTGCGAGGGGCGTCGACAACTGGTTCGACCCCTGG;IGK:TGTCAGCAATATTATAGTACTCCTTGGACGTTC;IGL:TGCAGCTCATATACAAGCAGCAGCTATGTGGTATTC
clonotype37,1,0.00239234449761,IGH:CVKANRDFYDGDGYLGWFDPW;IGK:CQQRSNWPGTF,IGH:TGTGTGAAAGCCAATAGAGATTTTTATGATGGTGATGGTTATCTTGGTTGGTTCGACCCCTGG;IGK:TGTCAGCAGCGTAGCAACTGGCCTGGAACGTTC
clonotype36,1,0.00239234449761,IGH:CATEGDYGGKTPDRYFDLW;IGL:CQSYDTSLIGFLF,IGH:TGTGCGACAGAGGGGGACTACGGTGGTAAGACCCCGGACCGGTACTTCGATCTCTGG;IGL:TGCCAGTCCTATGACACCAGCCTGATCGGTTTTCTATTC
clonotype35,1,0.00239234449761,IGH:CARNFCSSTSCYVEGWFDPW;IGK:CQQYNNWLSWTF,IGH:TGTGCGAGGAACTTTTGTAGTAGTACCAGCTGCTATGTGGAGGGGTGGTTCGACCCCTGG;IGK:TGTCAGCAGTATAATAACTGGCTTTCGTGGACGTTC
clonotype34,1,0.00239234449761,IGH:CARVNYDFWSGYYTNNYYYYYMDVW;IGL:CQSYDSSLSGHVVF,IGH:TGTGCGAGAGTGAATTACGATTTTTGGAGTGGTTATTATACCAATAACTACTACTACTACTACATGGACGTCTGG;IGL:TGCCAGTCCTATGACAGCAGCCTGAGTGGTCATGTGGTATTC
clonotype33,1,0.00239234449761,IGH:CARRQAYAYVWGSYRGAFDMW;IGL:CSSYTSSSFHVVF,IGH:TGTGCGAGACGACAGGCTTATGCTTACGTTTGGGGGAGTTATCGTGGTGCTTTTGATATGTGG;IGL:TGCAGCTCATATACAAGCAGCAGCTTTCATGTGGTATTC
clonotype32,1,0.00239234449761,IGH:CARENYDFWSGYSPTAYW;IGK:CQQYGSSPRTF,IGH:TGTGCGAGAGAGAACTACGATTTTTGGAGTGGTTATAGTCCGACTGCCTACTGG;IGK:TGTCAGCAGTATGGTAGCTCACCTCGAACGTTC
clonotype31,1,0.00239234449761,IGH:CAKGVGPGAISGLGLFDYW;IGK:CQQYNSYSYTF,IGH:TGTGCGAAAGGCGTGGGGCCGGGAGCTATTAGCGGGTTGGGACTCTTTGACTACTGG;IGK:TGCCAACAGTATAATAGTTATTCGTACACTTTT
clonotype30,1,0.00239234449761,IGH:CARDQVRYCSRAICYASDYW;IGK:CQQYNGSPYTF,IGH:TGTGCGAGAGATCAAGTGAGATATTGTAGTAGAGCCATTTGCTATGCATCTGACTACTGG;IGK:TGTCAGCAATATAATGGCTCACCTTACACTTTT
clonotype39,1,0.00239234449761,IGH:CARRTRGYSYGDNWFDPW;IGL:CSSYTSSSLVF;IGL:CQVWDSSSDHVVF,IGH:TGTGCGAGACGCACCCGGGGATACAGCTATGGCGACAACTGGTTCGACCCCTGG;IGL:TGCAGCTCATATACAAGCAGCAGCCTGGTGTTC;IGL:TGTCAGGTGTGGGATAGTAGTAGTGATCATGTGGTATTC
clonotype38,1,0.00239234449761,IGK:CMQALQTPWTF,IGK:TGCATGCAAGCTCTACAAACTCCCTGGACGTTC
clonotype216,1,0.00239234449761,IGH:CARRKYYDFWSGYKGSEIVALDYW;IGL:CQSYDSSKVVF,IGH:TGTGCGAGACGGAAGTATTACGATTTTTGGAGTGGTTATAAAGGATCGGAAATTGTCGCTTTGGACTACTGG;IGL:TGTCAGTCTTATGATAGCAGCAAGGTGGTATTC
clonotype217,1,0.00239234449761,IGH:CARLGYYYYLTAFDIW;IGK:CMQALQTPPFTF,IGH:TGTGCGAGACTCGGCTATTACTACTATCTAACTGCTTTTGATATCTGG;IGK:TGCATGCAAGCTCTACAAACTCCTCCGTTCACTTTC
clonotype214,1,0.00239234449761,IGH:CAKDEWELSYYIDYW,IGH:TGTGCGAAAGATGAGTGGGAGCTATCGTACTACATTGACTACTGG
clonotype215,1,0.00239234449761,IGH:CASLEGVTTTRESHAFDIW;IGL:CQSADSSGTYVVF,IGH:TGTGCGAGCCTGGAGGGAGTAACTACGACCAGGGAAAGTCATGCTTTTGATATCTGG;IGL:TGTCAATCAGCAGACAGCAGTGGTACTTATGTGGTATTC
clonotype212,1,0.00239234449761,IGH:CASRRKRLGYCSGGSCPQGYYMDVW;IGL:CSSYTSSSTHVVF,IGH:TGTGCGAGCCGCCGAAAGCGACTAGGATATTGTAGTGGTGGTAGCTGCCCACAAGGCTACTACATGGACGTCTGG;IGL:TGCAGCTCATATACAAGCAGCAGCACTCATGTGGTATTC
clonotype213,1,0.00239234449761,IGH:CAVIGRCSGGSCYGRKDIDIW;IGL:CSYAGSSTFVVF,IGH:TGTGCGGTTATAGGTCGTTGTAGTGGTGGTAGCTGCTATGGTAGAAAGGACATTGATATCTGG;IGL:TGCTCATATGCAGGTAGTAGCACTTTCGTGGTATTC
clonotype210,1,0.00239234449761,IGH:CARDGVYSSTNWFDPW;IGK:CQQYGSSPPTF,IGH:TGTGCGAGAGATGGGGTTTATAGCAGTACAAACTGGTTCGACCCCTGG;IGK:TGTCAGCAGTATGGTAGCTCACCTCCCACTTTC
clonotype211,1,0.00239234449761,IGH:CARVSTTMIAYYFDYW;IGL:CQVWDSSSDHVVF,IGH:TGTGCGAGAGTTAGTACTACTATGATAGCATACTACTTTGACTACTGG;IGL:TGTCAGGTGTGGGATAGTAGTAGTGATCATGTGGTATTC
clonotype218,1,0.00239234449761,IGH:CARRGRAAGTPFDYW;IGL:CQVWDSSSVVVF,IGH:TGTGCGAGACGAGGCAGAGCAGCTGGTACCCCCTTTGACTACTGG;IGL:TGTCAGGTGTGGGATAGTAGTAGTGTCGTGGTATTC
clonotype219,1,0.00239234449761,IGH:CARDGSGSYYSWFDPW;IGK:CQQYDNLPLTF,IGH:TGTGCGAGAGATGGTTCGGGGAGTTATTATAGCTGGTTCGACCCCTGG;IGK:TGTCAACAGTATGATAATCTCCCGCTCACTTTC
clonotype362,1,0.00239234449761,IGH:CVKGGVTWALDYW;IGL:CLLFYGGAQMMF,IGH:TGTGTGAAAGGGGGCGTGACGTGGGCCCTTGACTACTGG;IGL:TGTCTGCTCTTTTATGGTGGTGCTCAGATGATGTTT
clonotype288,1,0.00239234449761,IGH:CAKSLGYCSGGSCYLGWFDPW;IGK:CQQYDNLFTF,IGH:TGTGCCAAGTCACTAGGATATTGTAGTGGTGGTAGCTGCTACTTGGGTTGGTTCGACCCCTGG;IGK:TGTCAACAGTATGATAATCTCTTCACTTTC
clonotype289,1,0.00239234449761,IGH:CVSSSSSAGDAFDIW;IGL:CQSYDSSLSGSLYVF,IGH:TGTGTGTCCAGCAGCTCGTCAGCGGGAGATGCTTTTGATATCTGG;IGL:TGCCAGTCCTATGACAGCAGCCTGAGTGGTTCCCTTTATGTCTTC
clonotype363,1,0.00239234449761,IGH:CARGGLWSGYYFNW;IGK:CQQYNNWPPWTF,IGH:TGTGCGAGAGGCGGCCTTTGGAGTGGTTATTATTTCAACTGG;IGK:TGTCAGCAGTATAATAACTGGCCTCCGTGGACGTTC
clonotype360,1,0.00239234449761,IGH:CARDFGPSCYTNVCAFDIW;IGK:CQQYYSTPPTF,IGH:TGTGCGAGAGATTTCGGGCCCAGCTGCTATACTAACGTGTGTGCTTTTGATATCTGG;IGK:TGTCAGCAATATTATAGTACTCCTCCGACTTTC
clonotype361,1,0.00239234449761,IGH:CAKPIGAMACMDVW;IGK:CQQRSNWPLTF,IGH:TGTGCGAAACCAATCGGGGCTATGGCCTGCATGGACGTCTGG;IGK:TGTCAGCAGCGTAGCAACTGGCCTCTCACTTTC
clonotype366,1,0.00239234449761,IGH:CARGPLLEWLFIGWFDPW;IGK:CMQALQTPPTF,IGH:TGTGCGAGAGGTCCCCTTTTGGAGTGGTTATTTATAGGCTGGTTCGACCCCTGG;IGK:TGCATGCAAGCTCTACAAACTCCTCCGACTTTC
clonotype367,1,0.00239234449761,IGH:CAREGYYYDSSGYYYDDYW;IGK:CQKYNSAPFTF,IGH:TGTGCGAGAGAGGGGTATTACTATGATAGTAGTGGTTATTACTACGATGACTACTGG;IGK:TGTCAAAAGTATAACAGTGCCCCATTCACTTTC
clonotype364,1,0.00239234449761,IGH:CATGGGGELVYW;IGL:CQAWDSSTEVVF,IGH:TGTGCGACCGGAGGGGGAGGGGAGCTAGTCTACTGG;IGL:TGTCAGGCGTGGGACAGCAGCACTGAGGTGGTATTC
clonotype365,1,0.00239234449761,IGH:CARPQSYYDFWSGYHGAYYYMDVW;IGK:CQQYYSTPFTF,IGH:TGTGCGAGGCCTCAGTCGTATTACGATTTTTGGAGTGGTTATCACGGTGCCTACTACTACATGGACGTCTGG;IGK:TGTCAGCAATATTATAGTACTCCATTCACTTTC
clonotype281,1,0.00239234449761,IGH:CARASSWYDYGDYW;IGK:CQQYGSSSWTF,IGH:TGTGCAAGGGCCAGCAGCTGGTACGATTACGGTGACTACTGG;IGK:TGTCAGCAGTATGGTAGCTCATCGTGGACGTTC
clonotype280,1,0.00239234449761,IGH:CAGSSGWAFDYW;IGK:CQQYASSPITF,IGH:TGTGCGGGTAGCAGTGGCTGGGCCTTTGACTACTGG;IGK:TGTCAGCAGTATGCTAGCTCACCGATCACCTTC
clonotype283,1,0.00239234449761,IGH:CARVLVLSYGPFSYYFDYW;IGK:CMQGTHWLTF;IGK:CQQSYSTPPTF,IGH:TGTGCGAGAGTTCTTGTTCTTAGCTATGGACCATTCTCGTACTACTTTGACTACTGG;IGK:TGCATGCAAGGTACACACTGGCTCACTTTC;IGK:TGTCAACAGAGTTACAGTACCCCTCCAACGTTC
clonotype369,1,0.00239234449761,IGH:CARDHPSQGLRKIDYW;IGK:CQQYYSSSTF,IGH:TGTGCGAGAGATCATCCGAGTCAAGGGCTACGGAAAATTGACTACTGG;IGK:TGCCAACAATATTATAGTTCTTCCACTTTC
clonotype285,1,0.00239234449761,IGH:CARLDYDFWSGYYTQDSRYYYMDVW;IGL:CAAWDDSLNGLYVF,IGH:TGTGCGAGACTCGATTACGATTTTTGGAGTGGTTATTATACTCAGGATTCGCGCTACTACTACATGGACGTCTGG;IGL:TGTGCAGCATGGGATGACAGCCTGAATGGCCTTTATGTCTTC
clonotype284,1,0.00239234449761,IGH:CAKDFHKYSSSWYSGFQHW;IGK:CQQYDNLPFTF,IGH:TGTGCGAAAGATTTCCACAAGTATAGCAGCAGCTGGTACTCGGGCTTCCAGCACTGG;IGK:TGTCAACAGTATGATAATCTCCCATTCACTTTC
clonotype287,1,0.00239234449761,IGH:CATGPGSYCSSTSCRYYYYGMDVW,IGH:TGTGCAACAGGTCCGGGTTCATATTGTAGTAGTACCAGCTGCCGATACTACTACTACGGTATGGACGTCTGG
clonotype286,1,0.00239234449761,IGH:CARGRFLSAYCGGDCYGSRSGWFDPW;IGK:CQQYGSSPRTF,IGH:TGTGCGAGAGGCCGTTTTCTTTCTGCATATTGTGGTGGTGACTGCTATGGTTCTAGGTCGGGCTGGTTCGACCCCTGG;IGK:TGTCAGCAGTATGGTAGCTCACCTCGGACGTTC
clonotype368,1,0.00239234449761,IGH:CASGEDYDFWSGYSRAPPPSPW;IGL:CAAWDDSLNGRYVF,IGH:TGTGCGAGCGGCGAAGATTACGATTTTTGGAGTGGTTATTCCAGAGCCCCACCACCCTCTCCCTGG;IGL:TGTGCAGCATGGGATGACAGCCTGAATGGTCGTTATGTCTTC
clonotype282,1,0.00239234449761,IGH:CAREMVYHYYYYGMDVW;IGL:CGTWDSSLSARVF,IGH:TGTGCGAGAGAAATGGTGTACCACTACTACTACTACGGTATGGACGTCTGG;IGL:TGCGGAACATGGGATAGCAGCCTGAGTGCTAGGGTATTC
clonotype148,1,0.00239234449761,IGH:CARGPGGLKGAFDIW;IGK:CLQYNTFPQVTF,IGH:TGTGCGAGGGGGCCTGGAGGGCTGAAGGGAGCTTTCGATATCTGG;IGK:TGTCTGCAGTATAATACTTTTCCTCAGGTCACTTTC
clonotype149,1,0.00239234449761,IGH:CARDTDYYDSSGTVDYW,IGH:TGTGCGAGAGATACCGATTACTATGATAGTAGTGGTACGGTTGACTACTGG
clonotype146,1,0.00239234449761,IGH:CTTDDLLACGGDCYWDFDYW;IGL:CQSYDSSLSAVVF,IGH:TGTACCACAGATGACCTGTTAGCCTGTGGTGGTGATTGCTATTGGGACTTTGACTACTGG;IGL:TGCCAGTCCTATGACAGCAGCCTGAGTGCCGTGGTATTC
clonotype147,1,0.00239234449761,IGH:CAREPEDTGDSLDWFDPW;IGK:CQQSYSTPYTF,IGH:TGTGCGAGAGAACCCGAAGACACCGGTGACTCTTTGGATTGGTTCGACCCCTGG;IGK:TGTCAACAGAGTTACAGTACTCCGTACACTTTT
clonotype144,1,0.00239234449761,IGH:CARLSGYCSSTTCYTYDYW;IGL:CGTWDSSLSAGEF,IGH:TGTGCGAGACTAAGTGGGTATTGTAGTAGTACCACCTGCTATACTTATGACTACTGG;IGL:TGCGGAACATGGGATAGCAGCCTGAGTGCTGGCGAGTTC
clonotype145,1,0.00239234449761,IGH:CSRDGWAASGQNYNWFDLW;IGK:CQQYGSSPWTF,IGH:TGTTCTAGAGACGGATGGGCTGCTTCGGGGCAGAATTACAACTGGTTCGACCTCTGG;IGK:TGTCAGCAGTATGGTAGCTCACCTTGGACGTTC
clonotype142,1,0.00239234449761,IGH:CAREVEMVPISGSRGDYW;IGK:CQQYYRTPTF,IGH:TGTGCGAGAGAAGTAGAGATGGTTCCAATTTCGGGATCACGAGGGGACTACTGG;IGK:TGTCAGCAATATTATAGGACTCCCACTTTC
clonotype143,1,0.00239234449761,IGH:CARVASIPATMRGRPNWFDPW;IGK:CQQRSNWPTF,IGH:TGTGCGAGAGTCGCCTCTATACCAGCTACTATGAGGGGGAGACCTAACTGGTTCGACCCCTGG;IGK:TGTCAGCAGCGTAGCAACTGGCCTACCTTC
clonotype140,1,0.00239234449761,IGH:CARGYNYYDSSGYYYVVFDYW;IGL:CNSRDSSGNHHYVF,IGH:TGTGCGAGAGGCTATAATTACTATGATAGTAGTGGTTATTACTACGTGGTCTTTGACTACTGG;IGL:TGTAACTCCCGGGACAGCAGTGGTAACCACCATTATGTCTTC
clonotype141,1,0.00239234449761,IGH:CASGTYYYYYMDVW;IGL:CSSYTSSSTRVVF,IGH:TGTGCGAGTGGGACCTACTACTACTACTACATGGACGTCTGG;IGL:TGCAGCTCATATACAAGCAGCAGCACTCGTGTGGTATTC
clonotype86,1,0.00239234449761,IGH:CATLGIAAAHWFDPW;IGL:CQVWDSSSDHYVF,IGH:TGTGCAACACTTGGCATAGCAGCAGCCCACTGGTTCGACCCCTGG;IGL:TGTCAGGTGTGGGATAGTAGTAGTGATCATTATGTCTTC
clonotype5,1,0.00239234449761,IGH:CARTCSGGSCPRGYYGMDVW;IGL:CAAWDDSLNGVVF,IGH:TGTGCGAGAACGTGTAGTGGTGGTAGCTGCCCTCGGGGCTACTACGGTATGGACGTCTGG;IGL:TGTGCAGCATGGGATGACAGCCTGAATGGTGTGGTATTC
clonotype84,1,0.00239234449761,IGH:CARDVKEWGRGSYFDYW;IGL:CQAWDSSTAWVVF,IGH:TGTGCGAGAGACGTAAAAGAATGGGGTCGTGGGAGCTACTTTGACTACTGG;IGL:TGTCAGGCGTGGGACAGCAGCACTGCATGGGTGGTATTC
clonotype85,1,0.00239234449761,IGH:CARLGGDFWSGPFYYYYYYMDVW;IGL:CAAWDDSLNGLVVF,IGH:TGTGCGAGACTAGGCGGCGATTTTTGGAGTGGCCCGTTTTACTACTACTACTACTACATGGACGTCTGG;IGL:TGTGCAGCATGGGATGACAGCCTGAATGGCCTTGTGGTATTC
clonotype82,1,0.00239234449761,IGH:CANVAGYW;IGK:CQQYDNLPRVTF;IGL:CLLSYSGAVVF,IGH:TGTGCAAATGTCGCGGGGTACTGG;IGK:TGTCAACAGTATGATAATCTCCCTCGGGTCACTTTC;IGL:TGCTTGCTCTCCTATAGTGGTGCTGTGGTATTC
clonotype83,1,0.00239234449761,IGH:CAKDIPPRGYSYGSGGNDAFDIW;IGL:CAAWDDSLSGLVF,IGH:TGTGCAAAAGATATCCCTCCTCGTGGATACAGCTATGGTTCCGGGGGCAATGATGCTTTTGATATCTGG;IGL:TGTGCAGCATGGGATGACAGCCTGAGTGGTTTGGTATTC
clonotype80,1,0.00239234449761,IGH:CARGESIAAALDPW;IGL:CQVWDSSSDHVVF,IGH:TGTGCGAGAGGCGAGAGTATAGCAGCAGCCCTCGACCCCTGG;IGL:TGTCAGGTGTGGGATAGTAGTAGTGATCATGTGGTATTC
clonotype222,1,0.00239234449761,IGH:CASDGGYCSSTSCYTDWAW;IGK:CMQGTHWPLTF,IGH:TGTGCCAGTGACGGAGGATATTGTAGTAGTACCAGCTGCTATACGGATTGGGCCTGG;IGK:TGCATGCAAGGTACACACTGGCCGCTCACTTTC
clonotype221,1,0.00239234449761,IGH:CAKGATANYYYYYYMDVW;IGL:CQSADSSVVF,IGH:TGTGCGAAAGGGGCAACTGCTAATTACTACTACTACTACTACATGGACGTCTGG;IGL:TGTCAATCAGCAGACAGCAGTGTGGTATTC
clonotype88,1,0.00239234449761,IGH:CARDRLRVGRFLEWLSIEPPWYFDLW;IGL:CSYAGSSTVF,IGH:TGTGCGAGAGATCGTCTCAGAGTGGGACGATTTTTGGAGTGGTTATCGATTGAGCCGCCCTGGTACTTCGATCTCTGG;IGL:TGCTCATATGCAGGTAGTAGCACTGTATTC
clonotype89,1,0.00239234449761,IGH:CARYGSGSARKAFDIW;IGL:CSSYTSSSSVVF,IGH:TGTGCGAGATATGGTTCGGGGAGCGCTCGCAAGGCTTTTGATATCTGG;IGL:TGCAGCTCATATACAAGCAGCAGCTCCGTGGTATTC
clonotype220,1,0.00239234449761,IGH:CAREEEVGATRGFYYYYGMDVW;IGL:CMIWHSSAWVF,IGH:TGTGCTAGAGAGGAAGAAGTGGGAGCTACCCGAGGTTTTTACTACTACTACGGTATGGACGTCTGG;IGL:TGTATGATTTGGCACAGCAGCGCTTGGGTATTC
clonotype68,1,0.00239234449761,IGH:CARDAVIATPYAFDIW;IGK:CQQYGSSPRTF,IGH:TGTGCGAGAGATGCGGTGATTGCTACCCCGTATGCTTTTGATATCTGG;IGK:TGTCAGCAGTATGGTAGCTCACCTCGGACTTTT
clonotype69,1,0.00239234449761,IGH:CARDRPIWFGEKNAFDYW;IGL:CSSYTSSSTPYVF,IGH:TGTGCGAGAGATCGCCCTATATGGTTCGGGGAGAAAAACGCGTTTGACTACTGG;IGL:TGCAGCTCATATACAAGCAGCAGCACCCCTTATGTCTTC
clonotype225,1,0.00239234449761,IGH:CCSSYGWFDPW;IGK:CQQYNNWPPWTF,IGH:TGTTGCAGCTCTTATGGCTGGTTCGACCCCTGG;IGK:TGTCAGCAGTATAATAACTGGCCTCCTTGGACGTTC
clonotype60,1,0.00239234449761,IGH:CARDIQYSGSYYYGMDVW;IGL:CSSYTSSSTLPLVF,IGH:TGTGCGAGAGATATCCAGTATAGTGGGAGCTACTACTACGGTATGGACGTCTGG;IGL:TGCAGCTCATATACAAGCAGCAGCACCCTCCCCCTAGTCTTC
clonotype61,1,0.00239234449761,IGH:CAKDQYRVLLWFGGIDYW;IGL:CSSYAGSNNYVF,IGH:TGTGCGAAAGATCAGTACCGGGTATTACTATGGTTCGGGGGAATTGACTACTGG;IGL:TGCAGCTCATATGCAGGCAGCAACAATTATGTCTTC
clonotype62,1,0.00239234449761,IGH:CARDQGRFDYW;IGK:CQKYNSAPRTF,IGH:TGTGCGAGAGATCAAGGCCGATTTGACTACTGG;IGK:TGTCAAAAGTATAACAGTGCCCCTCGCACGTTC
clonotype63,1,0.00239234449761,IGH:CARGFCSRGSCYSVSHYYMDVW;IGL:CASWDDSRTAFVF,IGH:TGTGCGCGAGGATTTTGTAGTCGTGGGAGCTGCTATTCCGTCTCCCACTACTACATGGACGTCTGG;IGL:TGTGCATCATGGGATGACAGTCGCACTGCATTTGTCTTC
clonotype64,1,0.00239234449761,IGH:CAREYYGSAYYYYGMDVW;IGK:CMQALQTPFTF,IGH:TGTGCGAGAGAATACTATGGTTCGGCTTACTACTACTACGGTATGGACGTCTGG;IGK:TGCATGCAAGCTCTACAAACCCCATTCACTTTC
clonotype65,1,0.00239234449761,IGH:CARASGGVVVVITEFDYW;IGK:CQQANSFPPTF,IGH:TGTGCGAGAGCGTCGGGGGGGGTAGTAGTGGTTATTACTGAATTTGACTACTGG;IGK:TGTCAACAGGCTAACAGTTTCCCTCCCACTTTC
clonotype66,1,0.00239234449761,IGH:CATRCTSTSCQGNWFDPW;IGK:CQQYYSTPFTF,IGH:TGTGCCACACGTTGTACTAGTACCAGCTGCCAAGGGAACTGGTTCGACCCCTGG;IGK:TGTCAGCAATATTATAGTACTCCATTCACTTTC
clonotype67,1,0.00239234449761,IGH:CARDTYTSLDYDFWSGYNGYDYW;IGK:CQQYGSSLYTF,IGH:TGTGCGAGAGATACGTACACTTCATTGGATTACGATTTTTGGAGTGGTTATAATGGCTATGACTACTGG;IGK:TGTCAGCAGTATGGTAGCTCACTGTACACTTTT
clonotype326,1,0.00239234449761,IGH:CASSSYDSSGYYPPLRW;IGL:CGTWDSSLSAVVF,IGH:TGTGCAAGCAGCTCCTATGATAGTAGTGGTTATTACCCCCCCTTGAGGTGG;IGL:TGCGGAACATGGGATAGCAGCCTGAGTGCTGTGGTATTC
clonotype327,1,0.00239234449761,IGH:CAKEYYDFWSGYPKGNAFDIW;IGK:CQQYNNWPPALTF;IGL:CSSYTSSSTLGYVF,IGH:TGTGCAAAAGAATATTACGATTTTTGGAGTGGTTATCCCAAAGGGAATGCTTTTGATATCTGG;IGK:TGTCAGCAGTATAATAACTGGCCTCCTGCGCTCACTTTC;IGL:TGCAGCTCATATACAAGCAGCAGCACTCTCGGTTATGTCTTC
clonotype324,1,0.00239234449761,IGH:CARPINTVTTFIVW;IGL:CSYAGSSTSYVF,IGH:TGTGCGAGACCGATTAACACGGTGACTACGTTTATTGTCTGG;IGL:TGCTCATATGCAGGTAGTAGCACTTCGTATGTCTTC
clonotype325,1,0.00239234449761,IGH:CAKVRTTMVRGASDYW;IGK:CQQYYSTPFTF,IGH:TGTGCGAAAGTCCGGACTACTATGGTTCGGGGAGCCAGCGACTACTGG;IGK:TGTCAGCAATATTATAGTACTCCCTTCACTTTC
clonotype322,1,0.00239234449761,IGH:CARGVVVPAAIFGRNYYYYMDVW;IGK:CQQSYSTPQLTF,IGH:TGTGCGCGCGGGGTGGTAGTACCAGCTGCTATTTTTGGTAGGAACTACTACTACTACATGGACGTCTGG;IGK:TGTCAACAGAGTTACAGTACCCCTCAGCTCACTTTC
clonotype248,1,0.00239234449761,IGH:CARDPGGGSYHFDYW;IGL:CSSYTSSSTVF,IGH:TGTGCGAGAGATCCCGGCGGTGGGAGCTACCACTTTGACTACTGG;IGL:TGCAGCTCATATACAAGCAGCAGCACTGTCTTC
clonotype320,1,0.00239234449761,IGH:CARPLRIGGSGYDGLDYW;IGL:CSSYTSSSTQVVF,IGH:TGTGCGAGACCCCTCCGTATTGGAGGTAGTGGCTACGATGGCCTTGACTACTGG;IGL:TGCAGCTCATATACAAGCAGCAGCACTCAAGTGGTATTC
clonotype321,1,0.00239234449761,IGH:CATSLNSGITMIYDAFDIW;IGK:CQQYGSSPFTF,IGH:TGTGCAACTTCGTTGAACTCGGGTATTACTATGATCTATGATGCTTTTGATATCTGG;IGK:TGTCAGCAGTATGGTAGCTCACCATTCACTTTC
clonotype245,1,0.00239234449761,IGH:CAKDTRAAAGRGPFDYW;IGK:CLQHNSYPLTF,IGH:TGTGCGAAAGATACGAGAGCAGCAGCTGGACGAGGGCCGTTTGACTACTGG;IGK:TGTCTACAGCATAATAGTTACCCCCTCACCTTC
clonotype244,1,0.00239234449761,IGH:CARARRWEDIVVVVAAIWSHWFDPW;IGK:CQQSYSTPRWTF,IGH:TGTGCGAGAGCGAGGCGTTGGGAGGATATTGTAGTGGTGGTAGCTGCTATCTGGTCACATTGGTTCGACCCCTGG;IGK:TGTCAACAGAGTTACAGTACCCCTCGGTGGACGTTC
clonotype247,1,0.00239234449761,IGH:CARDLEDYGDYGRLKDAFDIW;IGK:CQQLNSYPLTF,IGH:TGTGCGAGAGATCTTGAGGACTACGGTGACTACGGACGGCTGAAAGATGCTTTTGATATCTGG;IGK:TGTCAACAGCTTAATAGTTACCCGCTCACTTTC
clonotype246,1,0.00239234449761,IGH:CTTVSYDCSSTSCYRFDPW;IGK:CMQALQTPITF,IGH:TGTACCACAGTTTCCTATGATTGTAGTAGTACCAGCTGCTATAGGTTCGACCCCTGG;IGK:TGCATGCAAGCTCTACAAACTCCGATCACCTTC
clonotype241,1,0.00239234449761,IGH:CAKDSGRFGTEQYYYYYMDVW;IGK:CQQYDNLPLTF,IGH:TGTGCAAAAGATAGTGGGAGGTTCGGGACGGAACAATACTACTACTACTACATGGACGTCTGG;IGK:TGTCAACAGTATGATAATCTCCCGCTCACTTTC
clonotype240,1,0.00239234449761,IGH:CARHRYLWRDALDYW;IGK:CHQYHNWPLTF,IGH:TGTGCGAGACACCGGTATCTCTGGAGGGACGCCTTAGACTACTGG;IGK:TGTCACCAGTATCATAACTGGCCTCTCACCTTC
clonotype328,1,0.00239234449761,IGH:CARDKGSRGSRGMDVW;IGL:CQSADSSGTHYVF,IGH:TGTGCGAGAGATAAGGGGTCCAGGGGCAGCAGGGGTATGGACGTCTGG;IGL:TGTCAATCAGCAGACAGCAGTGGTACCCATTATGTCTTC
clonotype242,1,0.00239234449761,IGH:CARDHLEQQLIHQEYYYGMDVW;IGL:CSSYTSSSTHVVF,IGH:TGTGCGAGAGATCATTTGGAGCAGCAGCTGATCCACCAGGAGTACTACTACGGTATGGACGTCTGG;IGL:TGCAGCTCATATACAAGCAGCAGCACTCATGTGGTATTC
clonotype182,1,0.00239234449761,IGH:CARFWGGNSHFDYW;IGL:CSSYTSSSSVVVF,IGH:TGTGCGAGATTCTGGGGTGGTAACTCGCACTTTGACTACTGG;IGL:TGCAGCTCATATACAAGCAGCAGCTCTGTCGTGGTATTC
clonotype183,1,0.00239234449761,IGH:CAELQSSAFDIW;IGK:CLQHNSYPPTF,IGH:TGTGCCGAGCTACAATCATCAGCTTTTGATATCTGG;IGK:TGTCTACAGCATAATAGTTACCCTCCCACTTTC
clonotype180,1,0.00239234449761,IGL:CQAWDSSTEVF,IGL:TGTCAGGCGTGGGACAGCAGCACTGAGGTCTTC
clonotype181,1,0.00239234449761,IGH:CASSSGSYYNWFDPW;IGK:CQQRSNWWTF,IGH:TGTGCGTCAAGTAGTGGGAGCTACTACAACTGGTTCGACCCCTGG;IGK:TGTCAGCAGCGTAGCAACTGGTGGACGTTC
clonotype186,1,0.00239234449761,IGH:CTTDWVLYPSFDYW;IGK:CQQYGSSPPPTGTF,IGH:TGTACCACAGATTGGGTGCTATACCCTTCATTTGACTACTGG;IGK:TGTCAGCAGTATGGTAGCTCACCTCCGCCAACGGGCACTTTT
clonotype187,1,0.00239234449761,IGH:CARWGELLGYYFDYW;IGK:CQQYGSYRYTF,IGH:TGTGCGAGGTGGGGGGAGCTACTGGGGTACTACTTTGACTACTGG;IGK:TGTCAGCAGTATGGTAGCTACCGGTACACTTTT
clonotype184,1,0.00239234449761,IGH:CARDVYDFWSGFIGRDYW;IGK:CQQRSNWPRTF,IGH:TGTGCCAGAGATGTCTACGATTTTTGGAGTGGTTTTATCGGTCGGGACTACTGG;IGK:TGTCAGCAGCGTAGCAACTGGCCGAGGACTTTC
clonotype185,1,0.00239234449761,IGH:CARRGSSWYDYYFDYW;IGH:CARLFGYGGSDYW;IGH:CARWGPNSGSYIDPFDYW;IGK:CQQSYSAPLTF;IGL:CQAWDSFTALF,IGH:TGTGCGAGACGAGGCAGCAGCTGGTACGATTACTACTTTGACTACTGG;IGH:TGTGCGAGACTCTTTGGTTATGGGGGGAGTGACTACTGG;IGH:TGTGCGAGATGGGGGCCAAATAGTGGGAGCTATATAGACCCCTTTGACTACTGG;IGK:TGTCAACAGAGTTACAGTGCCCCGCTCACTTTC;IGL:TGTCAGGCGTGGGACAGCTTCACTGCCCTTTTC
clonotype188,1,0.00239234449761,IGL:CNSRDSSGNLVVF,IGL:TGTAACTCCCGGGACAGCAGTGGTAACCTCGTGGTATTC
clonotype189,1,0.00239234449761,IGH:CAREDYDSSGHYGWYFDLW,IGH:TGTGCGAGAGAAGACTATGATAGTAGTGGTCATTATGGGTGGTACTTCGATCTCTGG
clonotype115,1,0.00239234449761,IGH:CARGHSSSWYDYW;IGL:CGTWDSSLSAGVF,IGH:TGTGCGAGAGGCCACAGCAGCAGCTGGTATGACTACTGG;IGL:TGCGGAACATGGGATAGCAGCCTGAGTGCTGGTGTCTTC
clonotype114,1,0.00239234449761,IGK:CQQYGSSSSF,IGK:TGTCAGCAGTATGGTAGCTCATCCTCGTTC
clonotype117,1,0.00239234449761,IGH:CARGPLQSRRRDGYNFGTHW;IGK:CQQYGSSPRMF,IGH:TGTGCGAGAGGACCGCTCCAATCCAGACGTAGAGATGGCTACAATTTCGGAACCCACTGG;IGK:TGTCAGCAGTATGGTAGCTCACCTCGAATGTTC
clonotype116,1,0.00239234449761,IGH:CARVATNVFDYW;IGK:CQQYYTTPYTF,IGH:TGTGCGAGAGTGGCTACGAACGTCTTTGACTACTGG;IGK:TGTCAGCAATATTATACTACTCCGTACACTTTT
clonotype111,1,0.00239234449761,IGH:CARWGYDFWSGRNPKFDYW;IGK:CQQYDNPLFTF,IGH:TGTGCGAGATGGGGTTACGATTTTTGGAGTGGACGTAACCCCAAATTTGACTACTGG;IGK:TGTCAACAGTATGATAATCCCCTATTCACTTTC
clonotype110,1,0.00239234449761,IGH:CARDPLSSSWWGVSRRGLDYW;IGK:CQQYDNLALTF,IGH:TGTGCGAGAGATCCTCTGAGCAGCAGCTGGTGGGGTGTGAGCAGGAGGGGACTTGACTACTGG;IGK:TGTCAACAGTATGATAATCTCGCGCTCACTTTC
clonotype113,1,0.00239234449761,IGH:CARDNSSGWYEALLNYYYYYMDVW,IGH:TGTGCGAGAGATAATAGCAGTGGCTGGTACGAGGCGCTTCTTAACTACTACTACTACTACATGGACGTCTGG
clonotype112,1,0.00239234449761,IGH:CARGARVSVGGMDVW;IGK:CQQYYSTPSTF,IGH:TGTGCGAGAGGAGCTAGGGTTTCGGTGGGCGGTATGGACGTCTGG;IGK:TGTCAGCAATATTATAGTACCCCGTCCACTTTT
clonotype119,1,0.00239234449761,IGH:CARHDYADYYFDYW,IGH:TGTGCGAGACATGACTACGCTGATTACTACTTTGACTACTGG
clonotype118,1,0.00239234449761,IGH:CARVFPSSGGYW;IGK:CMQALQTPLMYTF,IGH:TGTGCGAGAGTGTTTCCTAGCAGTGGCGGCTACTGG;IGK:TGCATGCAAGCTCTACAAACTCCTCTCATGTACACTTTT
clonotype24,1,0.00239234449761,IGH:CAHHHPNYYDSSGYYYNWFDPW;IGL:CQSYDSSLSVVF,IGH:TGTGCACACCATCACCCTAATTACTATGATAGTAGTGGTTATTACTACAACTGGTTCGACCCCTGG;IGL:TGCCAGTCCTATGACAGCAGCCTGAGTGTGGTATTC
clonotype25,1,0.00239234449761,IGH:CTTDLWSVAGFDYW;IGK:CMQGTHWPYTF,IGH:TGTACCACAGACCTTTGGTCGGTGGCTGGTTTTGACTACTGG;IGK:TGCATGCAAGGTACACACTGGCCGTACACTTTT
clonotype26,1,0.00239234449761,IGH:CARGGIAVAGRSMPLDYW;IGK:CQQSYSAPWTF,IGH:TGTGCGAGGGGGGGGATAGCAGTGGCTGGTCGATCCATGCCGCTGGACTACTGG;IGK:TGTCAACAGAGTTACAGTGCCCCGTGGACGTTC
clonotype27,1,0.00239234449761,IGH:CARDRSGYCSGGSCYFRGPFDPW;IGL:CSYAGSYTLVVF;IGL:CLSGDEDNYVF,IGH:TGTGCGAGAGATAGGTCGGGATATTGTAGTGGTGGTAGCTGCTACTTCCGGGGCCCCTTCGACCCCTGG;IGL:TGCTCATATGCAGGCAGCTACACTTTAGTGGTATTC;IGL:TGTTTGTCTGGGGATGAGGACAATTATGTCTTC
clonotype20,1,0.00239234449761,IGH:CARVNYGGNPGRAFDIW;IGK:CQQSYSTPRTF,IGH:TGTGCGAGAGTAAACTACGGTGGTAACCCCGGTCGTGCTTTTGATATCTGG;IGK:TGTCAACAGAGTTACAGTACCCCTCGGACTTTT
clonotype21,1,0.00239234449761,IGH:CARVGWGGSGSYLPIDYW;IGK:CQQYNNFQFTF,IGH:TGTGCGAGAGTCGGGTGGGGTGGTTCGGGGAGTTACCTGCCAATTGACTACTGG;IGK:TGTCAGCAGTATAATAACTTCCAGTTCACTTTC
clonotype22,1,0.00239234449761,IGH:CARSPLGYCSSTSCSFNFW;IGK:CQQYYSTLLTF,IGH:TGTGCGAGATCCCCCCTAGGATATTGTAGTAGTACCAGCTGCTCTTTCAATTTCTGG;IGK:TGTCAGCAATATTATAGTACTCTTCTCACTTTC
clonotype23,1,0.00239234449761,IGH:CARDQGDYEEEYYYYGMDVW;IGK:CMQALQTPRLTF,IGH:TGTGCGAGAGATCAGGGTGACTACGAGGAAGAATACTACTACTACGGTATGGACGTCTGG;IGK:TGCATGCAAGCTCTACAAACTCCTCGGCTCACTTTC
clonotype28,1,0.00239234449761,IGK:CQQYYSTPPTF,IGK:TGTCAGCAATATTATAGTACTCCTCCGACTTTC
clonotype29,1,0.00239234449761,IGH:CARMVSYYYDSSGGVDYW;IGK:CQQYNSYSPYTF,IGH:TGTGCACGGATGGTCTCCTATTACTATGATAGTAGTGGTGGGGTTGACTACTGG;IGK:TGCCAACAGTATAATAGTTATTCTCCGTACACTTTT
clonotype201,1,0.00239234449761,IGH:CARGWVAATNPAATIDYW;IGK:CQQRSNWPPRFTF,IGH:TGTGCGAGAGGGTGGGTAGCAGCTACGAATCCGGCTGCTACCATTGACTACTGG;IGK:TGTCAGCAGCGTAGCAACTGGCCTCCCAGATTCACTTTC
clonotype200,1,0.00239234449761,IGH:CASNRFLEWLLYFDYW;IGL:CAAWDDSLSGPVF,IGH:TGTGCGAGTAACCGATTTTTGGAGTGGTTATTGTACTTTGACTACTGG;IGL:TGTGCAGCATGGGATGACAGCCTGAGTGGTCCGGTGTTC
clonotype203,1,0.00239234449761,IGH:CAKVGIHNTDYYYYYYMDVW;IGL:CSSYTSSSTVVF,IGH:TGTGCAAAAGTTGGCATCCATAATACCGACTACTACTACTACTACTACATGGACGTCTGG;IGL:TGCAGCTCATATACAAGCAGCAGCACTGTGGTATTC
clonotype202,1,0.00239234449761,IGH:CARTPVVVILYAFDIW;IGK:CQQYDNLPPAF,IGH:TGTGCGAGGACGCCTGTGGTGGTGATTCTGTATGCTTTTGATATCTGG;IGK:TGTCAACAGTATGATAATCTCCCCCCCGCCTTC
clonotype205,1,0.00239234449761,IGH:CARVLDDFWSGYSATFDYW;IGL:CGTWDSSLSAGVF,IGH:TGTGCGAGAGTGCTGGACGATTTTTGGAGTGGTTATTCAGCCACGTTTGACTACTGG;IGL:TGCGGAACATGGGATAGCAGCCTGAGTGCTGGGGTATTC
clonotype204,1,0.00239234449761,IGH:CANLGVGGYDATDYW;IGL:CSYAGSSTWVF,IGH:TGTGCGAATCTGGGGGTGGGTGGCTACGATGCCACTGACTACTGG;IGL:TGCTCATATGCAGGCAGCTCCACTTGGGTGTTC
clonotype207,1,0.00239234449761,IGH:CARVGGRYSSGREYYYGMDVW;IGL:CLLYYGGARTWVF,IGH:TGTGCGAGAGTTGGAGGTCGGTATAGCAGTGGCCGAGAATACTACTACGGTATGGACGTCTGG;IGL:TGCCTGCTCTACTATGGTGGTGCTCGGACTTGGGTGTTC
clonotype206,1,0.00239234449761,IGH:CARSWDHSYYDFWDYYYMDVW;IGK:CMQALQTPPTF,IGH:TGTGCGAGATCCTGGGACCATTCGTATTACGATTTTTGGGACTACTACTACATGGACGTCTGG;IGK:TGCATGCAAGCTCTACAAACTCCTCCAACGTTC
clonotype209,1,0.00239234449761,IGH:CAKFPDSSGYYLYW;IGK:CQQSYRKKFTF,IGH:TGTGCGAAATTCCCTGATAGTAGTGGTTATTATCTCTACTGG;IGK:TGTCAACAGAGTTACAGAAAGAAATTCACTTTC
clonotype208,1,0.00239234449761,IGH:CARDDFEYSSSLGYYYYMDVW;IGK:CQQANSFPTF,IGH:TGTGCGAGAGACGATTTTGAGTATAGCAGCTCGTTGGGCTACTACTACTACATGGACGTCTGG;IGK:TGTCAACAGGCTAACAGTTTCCCCACTTTT
clonotype380,1,0.00239234449761,IGH:CARSSPAGYSSSYYFDYW;IGL:CQVWDSSSDHYVF,IGH:TGTGCGAGGAGTAGTCCCGCCGGGTATAGCAGCAGCTACTACTTTGACTACTGG;IGL:TGTCAGGTGTGGGATAGTAGTAGTGATCATTATGTCTTC
clonotype381,1,0.00239234449761,IGH:CASTDYGDYPSSDYFDYW;IGK:CQQYNSYGTF,IGH:TGTGCGAGTACTGACTACGGTGACTACCCCAGCTCGGACTACTTTGACTACTGG;IGK:TGCCAACAGTATAATAGTTATGGAACGTTC
clonotype382,1,0.00239234449761,IGH:CTTVIIQTYYGMDVW;IGK:CQQRSNWPPFTF,IGH:TGTACCACTGTTATTATCCAGACTTACTACGGTATGGACGTCTGG;IGK:TGTCAGCAGCGTAGCAACTGGCCTCCGTTCACCTTC
clonotype383,1,0.00239234449761,IGH:CARDPGRWGGSCYYLDYW;IGK:CQQYDNLPLTF,IGH:TGTGCGAGAGACCCGGGTCGGTGGGGTGGTAGCTGCTACTACCTTGACTACTGG;IGK:TGTCAACAGTATGATAATCTCCCGCTCACTTTC
clonotype384,1,0.00239234449761,IGH:CAKDPYTSGSYYVYW;IGK:CQQYNNWPTF,IGH:TGTGCGAAAGATCCGTATACTAGTGGGAGCTACTACGTGTACTGG;IGK:TGTCAGCAGTATAATAACTGGCCCACTTTC
clonotype385,1,0.00239234449761,IGH:CVKVNSGRVDFWRDDAFDIW;IGL:CQVWDSSSDHWVF,IGH:TGTGTGAAAGTGAACTCTGGGCGAGTCGATTTTTGGAGAGATGATGCTTTTGATATCTGG;IGL:TGTCAGGTGTGGGATAGTAGTAGTGATCATTGGGTGTTC
clonotype386,1,0.00239234449761,IGL:CGTWDSSLSAGVVF;IGL:CQTWGTGSVVF,IGL:TGCGGAACATGGGATAGCAGCCTGAGTGCTGGCGTGGTATTC;IGL:TGTCAGACCTGGGGCACTGGCTCCGTGGTATTC
clonotype387,1,0.00239234449761,IGH:CAKDGYSYGNGGNWFDPW;IGL:CQSYDSSLSGYVF,IGH:TGTGCGAAAGATGGATACAGCTATGGTAACGGGGGCAACTGGTTCGACCCCTGG;IGL:TGCCAGTCCTATGACAGCAGCCTGAGTGGTTATGTCTTC
clonotype388,1,0.00239234449761,IGH:CARGSAITMVRGVTNDLLFDYW;IGL:CQSADSSGTYGVVF,IGH:TGTGCACGGGGATCCGCAATTACTATGGTTCGGGGAGTTACTAACGACTTACTCTTTGACTACTGG;IGL:TGTCAATCAGCAGACAGCAGTGGTACTTATGGGGTGGTATTC
clonotype389,1,0.00239234449761,IGK:CMQALQTPVMYTF,IGK:TGCATGCAAGCTCTACAAACTCCGGTGATGTACACTTTT
clonotype379,1,0.00239234449761,IGH:CARGRSSTNAFDIW;IGL:CAAWDDSLNGVVF,IGH:TGTGCGAGAGGCCGGTCCTCCACTAATGCTTTTGATATCTGG;IGL:TGTGCAGCATGGGATGACAGCCTGAATGGTGTGGTATTC
clonotype378,1,0.00239234449761,IGH:CASAPLRSGVFDPW;IGK:CQQYNSYSSLTF,IGH:TGTGCGAGCGCCCCCCTACGGTCGGGGGTGTTCGACCCCTGG;IGK:TGCCAACAGTATAATAGTTATTCTTCGCTCACTTTC
clonotype375,1,0.00239234449761,IGH:CARDEQWLVSGYW;IGK:CQQYNSYPLTF,IGH:TGTGCGAGAGATGAGCAGTGGCTGGTCAGTGGCTACTGG;IGK:TGCCAACAGTATAATAGTTACCCCCTCACTTTC
clonotype374,1,0.00239234449761,IGH:CARIGAIEGNYYDSSGYYVHRPTDYW;IGH:CAREDYYDSSGYEKGRYYYYGMDVW;IGH:CARSAGYYYVPENFDYW;IGK:CQQYNNWPPLTF;IGL:CQSYDSSLSGVVF,IGH:TGTGCGAGAATTGGGGCAATTGAGGGGAATTACTATGATAGTAGTGGTTATTACGTGCATCGACCCACTGACTACTGG;IGH:TGTGCGAGAGAGGATTACTATGATAGTAGTGGTTACGAAAAGGGCCGTTACTACTACTACGGTATGGACGTCTGG;IGH:TGTGCGAGATCGGCGGGTTATTACTACGTTCCGGAAAACTTTGACTACTGG;IGK:TGTCAGCAGTATAATAACTGGCCTCCGTTAACCTTC;IGL:TGCCAGTCCTATGACAGCAGCCTGAGTGGGGTGGTATTC
clonotype377,1,0.00239234449761,IGH:CARVPYDISEISFDYW;IGK:CQQYGSSPLFTF,IGH:TGTGCGAGAGTCCCTTACGATATTTCCGAGATTAGCTTTGACTACTGG;IGK:TGTCAGCAGTATGGTAGCTCACCCTTATTCACTTTC
clonotype376,1,0.00239234449761,IGH:CARAIITFGGVIVSYFDYW;IGK:CQQRSNWPLMYTF,IGH:TGTGCGAGAGCTATCATTACGTTTGGGGGAGTTATCGTTAGTTACTTTGACTACTGG;IGK:TGTCAGCAGCGTAGCAACTGGCCTCTTATGTACACTTTT
clonotype371,1,0.00239234449761,IGH:CARDNRAPRTYYMDVW;IGL:CSYAGSSTYVF,IGH:TGTGCGAGAGATAATCGGGCACCTCGGACCTACTACATGGACGTCTGG;IGL:TGCTCATATGCAGGTAGTAGCACTTATGTCTTC
clonotype370,1,0.00239234449761,IGH:CARAPARGGNSVDYW;IGK:CMQSIQLLTF,IGH:TGTGCGAGAGCGCCGGCTCGTGGTGGTAACTCCGTTGACTACTGG;IGK:TGCATGCAAAGTATACAGCTTCTCACTTTC
clonotype373,1,0.00239234449761,IGH:CARVILNWNDSFLTYSWFAPW;IGK:CMQGIYLPHTF;IGK:CMQGLQTPLTF;IGL:CQSDDSTNVVF,IGH:TGTGCGAGAGTAATTCTTAACTGGAACGACTCCTTTTTAACGTACAGTTGGTTCGCCCCCTGG;IGK:TGCATGCAAGGTATATACCTTCCTCACACTTTT;IGK:TGCATGCAAGGTCTACAAACTCCGCTCACTTTC;IGL:TGTCAGTCTGATGATAGCACCAATGTGGTATTC
clonotype372,1,0.00239234449761,IGH:CATYDSSELYFDYW;IGK:CQQYYSTPYTF,IGH:TGTGCGACCTATGATAGTAGTGAATTGTACTTTGACTACTGG;IGK:TGTCAGCAATATTATAGTACTCCGTACACTTTT
clonotype274,1,0.00239234449761,IGL:CAAWDDSLNGSYVF,IGL:TGTGCGGCATGGGATGACAGCCTGAATGGTTCTTATGTCTTC
clonotype275,1,0.00239234449761,IGH:CAGRSKEYSGSYLGPVIDDAFDIW;IGL:CAAWDDSLSGPVF,IGH:TGTGCGGGACGATCAAAAGAGTATAGTGGGAGCTACTTGGGGCCAGTAATTGATGATGCTTTTGATATCTGG;IGL:TGTGCAGCATGGGATGACAGCCTGAGTGGTCCGGTATTC
clonotype276,1,0.00239234449761,IGH:CTSGYDFWSGVYGMDVW;IGL:CAAWDDSLNAVVF,IGH:TGTACTAGCGGTTACGATTTTTGGAGTGGCGTCTACGGTATGGACGTCTGG;IGL:TGTGCAGCATGGGATGACAGCCTGAATGCCGTGGTATTC
clonotype277,1,0.00239234449761,IGH:CARVRSTSLIDAFDIW;IGK:CQQYNNWLRAF,IGH:TGTGCGAGGGTGCGGAGTACCAGCCTGATTGATGCTTTTGATATCTGG;IGK:TGTCAGCAGTATAATAACTGGCTCCGGGCTTTC
clonotype270,1,0.00239234449761,IGH:CASAPYYDFWSGYRSHWFDPW;IGL:CSYAGSSTFVF,IGH:TGTGCGAGCGCCCCGTATTACGATTTTTGGAGTGGTTATCGGTCCCACTGGTTCGACCCCTGG;IGL:TGCTCATATGCAGGTAGTAGCACTTTCGTATTC
clonotype271,1,0.00239234449761,IGH:CASQLSSSSTSPYNWFDPW,IGH:TGTGCGAGTCAGTTATCGTCGAGTAGTACCAGCCCCTACAACTGGTTCGACCCCTGG
clonotype272,1,0.00239234449761,IGH:CARAAGYCSSTSCLNYYYYGMDVW;IGL:CNSRDSSGNHVVF,IGH:TGTGCGAGAGCTGCTGGATATTGTAGTAGTACCAGCTGCTTAAACTACTACTACTACGGTATGGACGTCTGG;IGL:TGTAACTCCCGGGACAGCAGTGGTAACCATGTGGTATTC
clonotype273,1,0.00239234449761,IGH:CVKTIGGGGMDVW;IGK:CQQSYSTPYTF,IGH:TGTGTGAAAACTATTGGAGGAGGGGGCATGGACGTCTGG;IGK:TGTCAACAGAGTTACAGTACCCCGTACACTTTT
clonotype278,1,0.00239234449761,IGH:CTQVAGLEKWLALGVLGASTFDSW;IGK:CQQYDKWPPWTF,IGH:TGTACGCAGGTCGCCGGTCTGGAAAAGTGGCTGGCACTGGGTGTCCTGGGAGCAAGTACTTTCGACTCCTGG;IGK:TGTCAGCAATATGATAAGTGGCCTCCGTGGACCTTC
clonotype279,1,0.00239234449761,IGH:CARMVRPDYANTKYYYYYYMDVW;IGL:CQSYDSSLSAPVF,IGH:TGTGCACGGATGGTCCGTCCGGACTACGCCAATACAAAATACTACTACTACTACTACATGGACGTCTGG;IGL:TGCCAGTCCTATGACAGCAGCCTGAGTGCCCCGGTATTC
clonotype159,1,0.00239234449761,IGH:CARDRKGYYGSENWFDPW,IGH:TGTGCGAGAGATCGGAAGGGTTACTATGGTTCGGAGAACTGGTTCGACCCCTGG
clonotype158,1,0.00239234449761,IGH:CARGRGGYYDDYGMDVW;IGL:CAAWDDSLSGRDVVF,IGH:TGTGCGAGAGGTCGGGGCGGTTACTATGACGACTACGGTATGGACGTCTGG;IGL:TGTGCAGCATGGGATGACAGCCTGAGTGGTCGGGATGTGGTATTC
clonotype151,1,0.00239234449761,IGK:CQQRSNWPPFTF,IGK:TGTCAGCAGCGTAGCAACTGGCCTCCATTCACTTTC
clonotype150,1,0.00239234449761,IGH:CARDQSQQLGTVGMDVW;IGL:CAAWDDSLSGPVF,IGH:TGTGCGAGAGATCAGTCGCAGCAGCTGGGAACGGTCGGTATGGACGTCTGG;IGL:TGTGCAGCATGGGATGACAGCCTGAGTGGTCCGGTATTC
clonotype153,1,0.00239234449761,IGH:CAKEPIYDFWSGYYADHAFDIW;IGL:CQTWGTGIVVF,IGH:TGTGCGAAAGAACCAATTTACGATTTTTGGAGTGGTTATTATGCAGACCATGCTTTTGATATCTGG;IGL:TGTCAGACCTGGGGCACTGGCATTGTGGTATTC
clonotype152,1,0.00239234449761,IGK:CMQGTHWPPTF,IGK:TGCATGCAAGGTACACACTGGCCTCCGACGTTC
clonotype155,1,0.00239234449761,IGH:CAKDGAHQRARNNWFDPW;IGK:CKVYKLLGFTF;IGL:CQAWDSSTYVIF,IGH:TGTGCGAAAGATGGGGCGCACCAGCGGGCGAGGAACAACTGGTTCGACCCCTGG;IGK:TGCAAGGTCTACAAACTCCTCGGATTCACTTTC;IGL:TGTCAGGCGTGGGACAGTAGTACTTATGTAATATTC
clonotype154,1,0.00239234449761,IGH:CATNILAYCGGDCSDGDDAFDIW;IGL:CAAWDDSLNGLYVF,IGH:TGTGCGACTAACATTCTAGCATATTGTGGTGGTGACTGCTCCGATGGGGACGATGCTTTTGATATCTGG;IGL:TGTGCAGCATGGGATGACAGCCTGAATGGCCTTTATGTCTTC
clonotype157,1,0.00239234449761,IGL:CSSYTASSTLRVVF,IGL:TGCAGCTCATATACAGCCAGTAGTACTCTCCGCGTGGTCTTC
clonotype156,1,0.00239234449761,IGH:CAREGEAKTLSW;IGK:CQQRSNWPPALTF,IGH:TGTGCGAGAGAGGGGGAAGCCAAGACCCTATCATGG;IGK:TGTCAGCAGCGTAGCAACTGGCCTCCGGCGCTCACTTTC
clonotype351,1,0.00239234449761,IGH:CARDFDSSGYYQQYYFDYW;IGK:CQQYGSSPLTF,IGH:TGTGCGAGAGATTTTGATAGTAGTGGTTATTACCAACAGTACTACTTTGACTACTGG;IGK:TGTCAGCAGTATGGTAGCTCACCGCTCACTTTC
clonotype299,1,0.00239234449761,IGH:CARDSPYGSGSYYSKQKLTDYW;IGK:CQQYGSSPRTF,IGH:TGTGCGAGAGATTCCCCCTATGGTTCGGGGAGTTATTACTCCAAGCAGAAATTAACTGACTACTGG;IGK:TGTCAGCAGTATGGTAGCTCACCTCGGACGTTC
clonotype128,1,0.00239234449761,IGH:CARQQIAVAGRGGNFDYW;IGL:CSYAGNRSYVF,IGH:TGTGCGAGACAACAGATAGCAGTGGCTGGTCGCGGGGGCAACTTTGACTATTGG;IGL:TGCTCATATGCAGGTAATAGGTCTTATGTCTTC
clonotype129,1,0.00239234449761,IGH:CAHGRGYSGYDVRVPNFDIW;IGK:CMQSIQLPLF;IGK:CQQYNSYPLTF,IGH:TGTGCACACGGCCGTGGATATAGTGGCTACGATGTCCGTGTCCCGAATTTTGATATCTGG;IGK:TGCATGCAAAGTATACAGCTTCCCCTTTTT;IGK:TGCCAACAGTATAATAGTTATCCTCTCACTTTC
clonotype124,1,0.00239234449761,IGH:CARDFLPHSSSWYYIWFDPW;IGK:CQQYGSSPLVTF,IGH:TGTGCGAGAGATTTTCTGCCCCATAGCAGCAGCTGGTACTATATCTGGTTCGACCCCTGG;IGK:TGTCAGCAGTATGGTAGCTCACCCTTGGTCACTTTC
clonotype125,1,0.00239234449761,IGH:CAKDTAMLEIDIW;IGK:CQQYNSYPHTF,IGH:TGTGCGAAAGATACAGCTATGCTAGAAATCGATATATGG;IGK:TGCCAACAGTATAATAGTTACCCTCACACTTTT
clonotype126,1,0.00239234449761,IGH:CLYSPRSW;IGL:CYSTDSSGNHRGVF,IGH:TGTTTATATTCCCCCCGCTCCTGG;IGL:TGTTACTCAACAGACAGCAGTGGTAATCATAGAGGGGTGTTC
clonotype127,1,0.00239234449761,IGH:CARDQGLGSRFHRDERGYSYGYAGNW;IGK:CQQYGSSPTTF,IGH:TGTGCGAGAGATCAAGGGTTGGGATCCAGGTTTCATCGTGACGAGCGTGGATACAGCTATGGTTATGCGGGTAACTGG;IGK:TGTCAGCAGTATGGTAGCTCACCTACGACGTTC
clonotype120,1,0.00239234449761,IGH:CARWPRGGYSSSWYGAYYYYYMDVW;IGL:CSSYTSSSTLF,IGH:TGTGCAAGATGGCCCCGGGGGGGGTATAGCAGCAGCTGGTACGGGGCATACTACTACTACTACATGGACGTCTGG;IGL:TGCAGCTCATATACAAGCAGCAGCACTCTTTTC
clonotype121,1,0.00239234449761,IGH:CAREGPALHAKLGFERLGHDAFDIW;IGL:CQTWGTGIWVF,IGH:TGTGCGAGAGAGGGGCCTGCCCTCCACGCCAAACTGGGGTTTGAAAGGTTGGGGCATGATGCTTTTGATATCTGG;IGL:TGTCAGACCTGGGGCACTGGCATTTGGGTGTTC
clonotype122,1,0.00239234449761,IGH:CAKDQRITMIVVVTPNAFDIW;IGL:CSSYTSSSTLRF,IGH:TGTGCGAAAGATCAACGTATTACTATGATAGTAGTGGTTACCCCCAATGCTTTTGATATCTGG;IGL:TGCAGCTCATATACAAGCAGCAGCACTCTCAGATTC
clonotype123,1,0.00239234449761,IGH:CARDLREEGPEYAFDIW;IGL:CQSADSSGTSHVF,IGH:TGTGCGAGAGATTTAAGGGAGGAAGGGCCTGAGTATGCTTTTGATATCTGG;IGL:TGTCAATCAGCAGACAGCAGTGGTACTTCCCATGTCTTC
clonotype331,1,0.00239234449761,IGH:CARRSAHTEGLNDPW;IGL:CSSYTSSSTLVF,IGH:TGTGCGAGAAGGTCCGCGCACACCGAGGGCTTGAACGACCCCTGG;IGL:TGCAGCTCATATACAAGCAGCAGCACTCTGGTATTC
clonotype330,1,0.00239234449761,IGH:CARVLAVAGGNYYYYGMDVW;IGL:CQAWDSSTVVF,IGH:TGTGCGAGAGTCTTAGCAGTGGCTGGTGGCAACTACTACTACTACGGTATGGACGTCTGG;IGL:TGTCAGGCGTGGGACAGCAGCACTGTGGTATTC
clonotype59,1,0.00239234449761,IGH:CALGGFWSGYYNYYYYGMDVW;IGK:CLQDYNYPWTF,IGH:TGTGCGTTAGGGGGATTTTGGAGTGGTTATTATAACTACTACTACTACGGTATGGACGTCTGG;IGK:TGTCTACAAGATTACAATTACCCCTGGACGTTC
clonotype58,1,0.00239234449761,IGL:CSYAGSYTLVF,IGL:TGCTCATATGCAGGCAGCTACACTTTGGTATTC
clonotype55,1,0.00239234449761,IGH:CAAEPPWLRSFDYW;IGK:CMQALQTPLYTF,IGH:TGTGCGGCCGAACCGCCATGGCTAAGGTCCTTTGACTACTGG;IGK:TGCATGCAAGCTCTACAAACTCCTCTGTACACTTTT
clonotype54,1,0.00239234449761,IGH:CARTSNWGSQMDYW;IGL:CQSYDSSLSGWVF,IGH:TGTGCACGCACCTCCAACTGGGGATCTCAAATGGACTACTGG;IGL:TGCCAGTCCTATGACAGCAGCCTGAGTGGTTGGGTATTC
clonotype57,1,0.00239234449761,IGH:CARGGHSSWYEGGMDYYYYGMDVW;IGK:CQQYNSYSATF,IGH:TGTGCGAGAGGAGGACACAGCAGCTGGTACGAGGGTGGGATGGACTACTACTACTACGGTATGGACGTCTGG;IGK:TGCCAACAGTATAATAGTTATTCTGCCACTTTT
clonotype56,1,0.00239234449761,IGH:CARVNRYCSGGSCLRGAFDIW;IGK:CQQYYSTPLTF,IGH:TGTGCGAGAGTAAACAGATATTGTAGTGGTGGTAGCTGCCTACGAGGTGCTTTTGATATCTGG;IGK:TGTCAGCAATATTATAGTACTCCTCTCACTTTC
clonotype51,1,0.00239234449761,IGH:CARRLVVVPAAYEDYW;IGL:CAAWDDSLNVQVF,IGH:TGTGCGAGACGCTTGGTAGTAGTACCAGCTGCATATGAGGACTACTGG;IGL:TGTGCAGCATGGGATGACAGCCTGAATGTTCAAGTCTTC
clonotype50,1,0.00239234449761,IGK:CQQRSNWSWTF,IGK:TGTCAGCAGCGTAGCAACTGGTCGTGGACGTTC
clonotype53,1,0.00239234449761,IGH:CNLRGEKEKNYYGSGSTFDYW;IGL:CNSRDSSGNHLGVF,IGH:TGTAACCTACGCGGTGAAAAAGAAAAGAATTACTATGGTTCGGGGAGTACTTTTGACTACTGG;IGL:TGTAACTCCCGGGACAGCAGTGGTAACCATCTGGGGGTATTC
clonotype52,1,0.00239234449761,IGH:CARLRFLEWPSDDYW;IGL:CLLYHGGAQLVF,IGH:TGTGCGAGGCTACGATTTTTGGAGTGGCCTTCCGATGACTACTGG;IGL:TGCCTGCTGTACCATGGTGGTGCACAGCTGGTGTTC
clonotype238,1,0.00239234449761,IGH:CARLSRGSIVVVPAARDYW;IGK:CMQALQTPLVF,IGH:TGTGCGAGACTTAGCCGAGGTAGTATTGTAGTAGTACCAGCTGCTAGGGACTACTGG;IGK:TGCATGCAAGCTCTACAAACTCCCCTGGTTTTT
clonotype239,1,0.00239234449761,IGH:CARGGSRYDILTGYWDYYYYMDVW;IGK:CQQYYSTPWTF,IGH:TGTGCGAGAGGCGGCTCGAGGTACGATATTTTGACTGGTTATTGGGACTACTACTACTACATGGACGTCTGG;IGK:TGTCAGCAATATTATAGTACTCCGTGGACGTTC
clonotype333,1,0.00239234449761,IGH:CARESGLNYYGSGSYSDYW;IGK:CTQATQFPHTF,IGH:TGTGCGAGAGAATCGGGATTAAATTACTATGGTTCGGGGAGTTATTCTGACTACTGG;IGK:TGCACGCAAGCTACACAATTTCCTCACACTTTT
clonotype332,1,0.00239234449761,IGH:CARVGNGGYCSSTSCYDAFDIW;IGK:CMQRIEFPYTF,IGH:TGTGCGAGAGTGGGTAATGGGGGATATTGTAGTAGTACCAGCTGCTATGATGCTTTTGATATCTGG;IGK:TGCATGCAACGTATAGAGTTTCCTTACACTTTT
clonotype335,1,0.00239234449761,IGH:CAREKGTIDFWSGFTRSDWFDPW;IGK:CMQALQTPRTF,IGH:TGTGCGAGAGAAAAAGGGACAATCGATTTTTGGAGTGGTTTTACCCGATCCGACTGGTTCGACCCCTGG;IGK:TGCATGCAAGCTCTACAAACTCCTCGGACTTTT
clonotype334,1,0.00239234449761,IGH:CFFFWDTFDYW;IGL:CYSTDSSGNHRVF,IGH:TGTTTTTTTTTCTGGGACACATTTGACTACTGG;IGL:TGTTACTCAACAGACAGCAGTGGTAATCATAGGGTATTC
clonotype337,1,0.00239234449761,IGH:CARTGVATPFDYW;IGK:CQQYYSTLGTF,IGH:TGTGCGAGGACTGGGGTGGCTACGCCATTTGACTACTGG;IGK:TGTCAGCAATATTATAGTACTCTCGGGACGTTC
clonotype336,1,0.00239234449761,IGH:CARIRSGSLNELDYW;IGL:CQSYDSSLSGPVVF,IGH:TGTGCACGGATAAGAAGTGGTTCCCTGAATGAGCTTGACTACTGG;IGL:TGCCAGTCCTATGACAGCAGCCTGAGTGGTCCCGTGGTCTTC
clonotype230,1,0.00239234449761,IGH:CARDLEIGAADTAMVTNYFDYW;IGK:CQQRSNWLTF,IGH:TGTGCGAGAGATCTTGAGATTGGGGCTGCGGATACAGCTATGGTTACGAACTACTTTGACTACTGG;IGK:TGTCAGCAGCGTAGCAACTGGCTCACTTTC
clonotype338,1,0.00239234449761,IGH:CAKDRSYYDSSGYYYGYYFDYW;IGK:CQQYGSSPLTF,IGH:TGTGCGAAAGATCGGTCTTACTATGATAGTAGTGGTTATTACTACGGGTACTACTTTGACTACTGG;IGK:TGTCAGCAGTATGGTAGCTCACCGCTCACTTTC
clonotype232,1,0.00239234449761,IGH:CARDYYDSSGYYLFDAFDIW;IGL:CSSYTSSSTLVF,IGH:TGTGCGAGGGATTACTATGATAGTAGTGGTTATTATTTATTTGATGCTTTTGATATCTGG;IGL:TGCAGCTCATATACAAGCAGCAGCACTCTGGTATTC
clonotype233,1,0.00239234449761,IGK:CVQGTHWPPGVF,IGK:TGCGTGCAAGGTACACACTGGCCTCCGGGTGTTTTT
clonotype234,1,0.00239234449761,IGH:CARLGGYCSGGSCYPNWFDPW;IGK:CMQRIEFPLTF,IGH:TGTGCGAGATTGGGGGGATATTGTAGTGGTGGTAGCTGCTACCCGAACTGGTTCGACCCCTGG;IGK:TGCATGCAACGTATAGAGTTTCCGCTCACTTTC
clonotype235,1,0.00239234449761,IGH:CARERGVRYSSGWFDYW;IGK:CQQRSIKRTF,IGH:TGTGCGAGAGAAAGGGGGGTAAGATATAGCAGTGGCTGGTTTGACTACTGG;IGK:TGTCAGCAGCGTAGCATTAAGAGGACTTTC
clonotype236,1,0.00239234449761,IGH:CAKGKDSNVYYYYGMDVW;IGK:CQQYRSYPRTF,IGH:TGTGCGAAAGGAAAAGATAGTAATGTTTACTACTACTACGGCATGGACGTCTGG;IGK:TGCCAACAGTATAGAAGTTACCCGAGGACGTTC
clonotype237,1,0.00239234449761,IGH:CAKGRVDSSGWLFDYW;IGL:CSSYTSSSTVVF,IGH:TGTGCGAAAGGACGCGTCGATAGCAGTGGCTGGCTTTTTGACTACTGG;IGL:TGCAGCTCATATACAAGCAGCAGCACTGTGGTATTC
clonotype339,1,0.00239234449761,IGH:CASTNSARLDLIAFDIW;IGK:CQQSYSTPLFTF,IGH:TGTGCGAGTACCAACTCGGCGCGCTTAGACTTGATCGCTTTTGATATCTGG;IGK:TGTCAACAGAGTTACAGTACCCCCTTATTCACTTTC
clonotype231,1,0.00239234449761,IGH:CATRPRYSSGWLKDYYYGMDVW;IGL:CAAWDDSLSGFYVF,IGH:TGTGCGACCCGGCCCAGATATAGCAGTGGCTGGTTGAAAGACTACTACTACGGTATGGACGTCTGG;IGL:TGTGCAGCATGGGATGACAGCCTGAGTGGTTTTTATGTCTTC
clonotype199,1,0.00239234449761,IGH:CTTEKTYYDFWSVEYYFDYW;IGL:CQSYDSSLSGSYVF,IGH:TGTACCACCGAAAAGACGTATTACGATTTTTGGAGTGTTGAGTACTACTTTGACTACTGG;IGL:TGCCAGTCCTATGACAGCAGCCTGAGTGGTTCCTATGTCTTC
clonotype198,1,0.00239234449761,IGH:CARLDGGGQLRYSSIDYW;IGL:CAAWDDSLSGPWVF,IGH:TGTGCGAGACTCGACGGAGGGGGACAGCTGCGCTATAGTTCCATTGACTACTGG;IGL:TGTGCAGCATGGGATGACAGCCTGAGTGGACCCTGGGTGTTC
clonotype195,1,0.00239234449761,IGH:CARDGFGVVVYLDYW;IGL:CAAWDDSLNGGVF,IGH:TGTGCGAGAGATGGTTTTGGAGTGGTTGTCTACCTTGACTACTGG;IGL:TGTGCAGCATGGGATGACAGCCTGAATGGAGGGGTGTTC
clonotype194,1,0.00239234449761,IGH:CARDGTGTSYYYYYMDVW,IGH:TGTGCGAGAGATGGGACTGGAACTTCCTACTACTACTACTACATGGACGTCTGG
clonotype197,1,0.00239234449761,IGH:CARGGRRVGARGQIDYW,IGH:TGTGCGAGAGGGGGGCGGAGAGTGGGAGCTAGGGGCCAAATTGACTACTGG
clonotype196,1,0.00239234449761,IGH:CAHSSGWYGPYFDYW;IGK:CQQRSNWPWTF,IGH:TGTGCACACAGTAGTGGCTGGTACGGTCCCTACTTTGACTACTGG;IGK:TGTCAGCAGCGTAGCAACTGGCCTTGGACGTTC
clonotype191,1,0.00239234449761,IGH:CARLPYYYDSTTYQNWFDPW;IGL:CQVWDSNTHLVIF,IGH:TGTGCGAGACTGCCGTACTACTATGATAGTACTACTTATCAAAACTGGTTCGACCCCTGG;IGL:TGTCAGGTGTGGGACAGTAATACTCATCTCGTGATATTT
clonotype190,1,0.00239234449761,IGH:CARESLYSSGWLTDYW;IGL:CAAWDDSLNGWVF,IGH:TGTGCGAGAGAATCCTTGTATAGCAGTGGCTGGCTGACTGACTACTGG;IGL:TGTGCAGCATGGGATGACAGCCTGAATGGTTGGGTGTTC
clonotype193,1,0.00239234449761,IGH:CAKDIGWGSSWFDYW;IGK:CQQYNNWLGTF,IGH:TGTGCAAAAGATATAGGCTGGGGGAGCAGCTGGTTTGACTACTGG;IGK:TGTCAGCAGTATAATAACTGGCTCGGGACTTTT
clonotype192,1,0.00239234449761,IGH:CSHYYDSSGYPVWFDPW;IGL:CAAWDDSLSGPVF,IGH:TGTAGCCATTACTATGATAGTAGTGGTTACCCGGTCTGGTTCGACCCCTGG;IGL:TGTGCAGCATGGGATGACAGCCTGAGTGGTCCGGTATTC
clonotype344,1,0.00239234449761,IGH:CAREGGYCTNGVCVMYGMDVW;IGK:CMQGIHIPFSF,IGH:TGTGCGAGAGAAGGGGGATATTGTACTAATGGTGTGTGCGTAATGTACGGTATGGACGTCTGG;IGK:TGCATGCAAGGTATACATATCCCCTTCAGTTTC
clonotype345,1,0.00239234449761,IGH:CAKALYYYDASGHLMGLSYYFDYW;IGK:CQQLNSYPPITF;IGK:CQQYYSTPLFTF,IGH:TGTGCAAAAGCCCTCTATTACTATGATGCAAGTGGTCACTTGATGGGTTTGAGTTACTACTTTGACTACTGG;IGK:TGTCAACAGCTTAATAGTTACCCTCCGATCACCTTC;IGK:TGTCAGCAATATTATAGTACTCCCTTATTCACTTTC
clonotype346,1,0.00239234449761,IGH:CARVGGYNWNDYNWFDPW;IGK:CQQSYSTSWTF,IGH:TGTGCGAGAGTTGGGGGGTACAACTGGAACGACTACAACTGGTTCGACCCCTGG;IGK:TGTCAACAGAGTTACAGTACCTCGTGGACGTTC
clonotype347,1,0.00239234449761,IGH:CAREGAAAGQDEDYYYYYGMDVW;IGL:CYSTDSSGNHGVF,IGH:TGTGCGAGAGAAGGAGCAGCAGCTGGCCAGGACGAGGATTACTACTACTACTACGGTATGGACGTCTGG;IGL:TGTTACTCAACAGACAGCAGTGGTAATCATGGAGTGTTC
clonotype340,1,0.00239234449761,IGH:CARHIIYGDYANYFDYW;IGH:CARATAYDFWSGYYRGSGAFDIW;IGL:CSSYAGSILYVF,IGH:TGTGCGAGACATATTATATACGGTGACTACGCCAACTACTTTGACTACTGG;IGH:TGTGCGAGAGCCACCGCTTACGATTTTTGGAGTGGTTATTATAGGGGTAGTGGTGCTTTTGATATCTGG;IGL:TGCAGCTCATATGCAGGCAGCATCCTTTATGTCTTC
clonotype341,1,0.00239234449761,IGH:CARDLGIAARPGYLDYW;IGK:CQQYDNLPLFTF,IGH:TGTGCGAGAGATCTGGGTATAGCAGCTCGTCCGGGGTATCTTGACTACTGG;IGK:TGTCAACAGTATGATAATCTCCCTCTCTTCACTTTT
clonotype342,1,0.00239234449761,IGH:CARSTLGGTLGGYFDYW;IGK:CQQRSNWPRTF,IGH:TGTGCGAGGAGCACGTTAGGTGGTACCTTGGGTGGCTACTTTGACTACTGG;IGK:TGTCAGCAGCGTAGCAACTGGCCGAGAACTTTT
clonotype343,1,0.00239234449761,IGH:CAREKPRLEMPTHYYMDVW;IGK:CQQYDNLPNTF,IGH:TGTGCGAGAGAAAAGCCAAGGTTAGAGATGCCTACTCACTACTACATGGACGTCTGG;IGK:TGTCAACAGTATGATAATCTCCCGAACACTTTC
clonotype348,1,0.00239234449761,IGK:CMQALQTPWTF,IGK:TGCATGCAAGCTCTACAAACTCCGTGGACGTTC
clonotype349,1,0.00239234449761,IGH:CARRNATAAASGSYVIFDYW;IGK:CQQANSFPPWTF,IGH:TGTGCCAGGAGGAATGCGACAGCAGCAGCAAGTGGGAGCTACGTGATCTTTGACTACTGG;IGK:TGTCAACAGGCTAACAGTTTCCCTCCGTGGACGTTC
clonotype160,1,0.00239234449761,IGH:CARDSLAYCGGDCYSWVSDYW;IGK:CQQYGSSPPLTF,IGH:TGTGCGAGAGATTCGTTAGCATATTGTGGTGGTGATTGCTATTCGTGGGTTTCGGACTACTGG;IGK:TGTCAGCAGTATGGTAGCTCACCTCCGCTCACTTTC
clonotype161,1,0.00239234449761,IGH:CSSPTTPITTMGGNW;IGL:CAAWDDSLSGYVF,IGH:TGTTCGAGTCCCACGACTCCGATAACTACCATGGGTGGGAACTGG;IGL:TGTGCAGCATGGGATGACAGCCTGAGTGGTTATGTCTTC
clonotype162,1,0.00239234449761,IGH:CAHRSSNWNYTPLDYW;IGL:CQVWDSSSDHVVF,IGH:TGTGCACACAGGTCTTCAAACTGGAACTATACCCCCCTTGACTACTGG;IGL:TGTCAGGTGTGGGATAGTAGTAGTGATCATGTGGTATTC
clonotype163,1,0.00239234449761,IGH:CARDEGWGTDVW,IGH:TGTGCGAGAGATGAGGGCTGGGGGACTGACGTCTGG
clonotype164,1,0.00239234449761,IGH:CATGPGSYCSSTSCRYYYYGMDVW;IGK:CMQALQTPRTF,IGH:TGTGCAACAGGTCCGGGTTCATATTGTAGTAGTACCAGCTGCCGATACTACTACTACGGTATGGACGTCTGG;IGK:TGCATGCAAGCTCTACAAACTCCTCGGACTTTT
clonotype165,1,0.00239234449761,IGH:CARGAGSYSGDYW;IGL:CQVWDSSSDHPVF,IGH:TGTGCCAGAGGGGCTGGGAGCTACTCGGGGGACTACTGG;IGL:TGTCAGGTGTGGGATAGTAGTAGTGATCATCCGGTATTC
clonotype166,1,0.00239234449761,IGH:CARTGTTYYNYYYYYMDVW,IGH:TGTGCGAGAACTGGAACTACATATTATAACTACTACTACTACTACATGGACGTCTGG
clonotype167,1,0.00239234449761,IGH:CAREVTYDFWSGYPGPFDYW;IGK:CQQYYSTPPYTF,IGH:TGTGCGAGAGAGGTAACTTACGATTTTTGGAGTGGTTATCCCGGCCCCTTTGACTACTGG;IGK:TGTCAGCAATATTATAGTACTCCTCCGTACACTTTT
clonotype168,1,0.00239234449761,IGH:CARQKARSGYWTFYMDVW;IGL:CGTWDSSLSAVVF;IGL:CQTWGTGIVVF,IGH:TGTGCGAGACAAAAGGCCCGGAGTGGTTACTGGACCTTCTACATGGACGTCTGG;IGL:TGCGGAACATGGGATAGCAGCCTGAGTGCTGTGGTATTC;IGL:TGTCAGACCTGGGGCACTGGCATTGTGGTATTC
clonotype169,1,0.00239234449761,IGH:CAQDGGFLWFGDYKTW;IGL:CASYTTSTTVMF,IGH:TGTGCGCAAGATGGCGGATTTCTATGGTTCGGGGACTACAAAACCTGG;IGL:TGCGCCTCATACACAACTAGTACTACTGTTATGTTC
clonotype19,1,0.00239234449761,IGH:CARGGPLSSYYDYVWGSYRYFAFDIW;IGL:CSYAGSYTLEVF,IGH:TGTGCAAGAGGGGGTCCGCTATCATCGTATTATGATTACGTTTGGGGGAGTTATCGTTATTTCGCTTTTGATATCTGG;IGL:TGCTCATATGCAGGCAGCTACACTCTCGAGGTGTTC
clonotype18,1,0.00239234449761,IGH:CARALVGYCSGGSCPHHPGGFDYW;IGK:CQQYYSTPYTF,IGH:TGTGCAAGAGCTTTGGTGGGCTATTGTAGTGGTGGTAGCTGCCCTCATCACCCGGGCGGATTTGACTACTGG;IGK:TGTCAGCAATATTATAGTACTCCGTACACTTTT
clonotype11,1,0.00239234449761,IGH:CARLLWFGELLALFDAFDIW;IGK:CQQSYSTPRVYTF,IGH:TGTGCGAGACTACTATGGTTCGGGGAGTTATTAGCCCTCTTTGATGCTTTTGATATCTGG;IGK:TGTCAACAGAGTTACAGTACCCCTCGGGTGTACACTTTT
clonotype10,1,0.00239234449761,IGH:CAKGTSDRCSNGICYPFDFW,IGH:TGTGCGAAAGGTACCTCGGATCGATGTAGTAACGGCATCTGCTATCCCTTTGACTTCTGG
clonotype13,1,0.00239234449761,IGH:CARGGSSGYYPPFDYW;IGL:CQVWDSSSDHPVF,IGH:TGTGCGAGAGGGGGATCTAGTGGTTATTACCCGCCCTTTGACTACTGG;IGL:TGTCAGGTGTGGGATAGTAGTAGTGATCATCCGGTATTC
clonotype12,1,0.00239234449761,IGH:CARESYYYDSSGYYVNDAFDIW;IGK:CQQYNNWPPYTF,IGH:TGTGCGAGAGAGTCGTATTACTATGATAGTAGTGGTTATTACGTCAATGATGCTTTTGATATCTGG;IGK:TGTCAGCAGTATAATAACTGGCCTCCGTACACTTTT
clonotype15,1,0.00239234449761,IGH:CARAWELVVFDYW;IGK:CQQYNNWPPWTF,IGH:TGTGCGAGGGCGTGGGAGCTAGTGGTATTTGACTACTGG;IGK:TGTCAGCAGTATAATAACTGGCCTCCGTGGACGTTC
clonotype14,1,0.00239234449761,IGH:CARGYYDSSGYYLFDYW;IGK:CQQSYSTPWTF,IGH:TGTGCAAGAGGTTACTATGATAGTAGTGGTTATTACCTTTTTGACTACTGG;IGK:TGTCAACAGAGTTACAGTACCCCGTGGACGTTC
clonotype17,1,0.00239234449761,IGH:CARDLVVLTGYDFDYW;IGL:CAAWDDSLNGAVF,IGH:TGTGCGAGAGATCTCGTGGTTTTGACTGGTTACGACTTTGACTACTGG;IGL:TGTGCAGCATGGGATGACAGCCTGAATGGTGCTGTGTTC
clonotype16,1,0.00239234449761,IGH:CARGVSSWSSSWSWLAAYYYYGMDVW;IGL:CQSYDSSLSVVF,IGH:TGTGCGAGAGGCGTAAGTTCGTGGAGCAGCAGCTGGTCGTGGCTCGCGGCCTACTACTACTACGGTATGGACGTCTGG;IGL:TGCCAGTCCTATGACAGCAGCCTGAGTGTGGTATTC
clonotype393,1,0.00239234449761,IGH:CARGRVLLWFGELFWFDPW,IGH:TGTGCGAGAGGCCGAGTATTACTATGGTTCGGGGAATTATTCTGGTTCGACCCCTGG
clonotype392,1,0.00239234449761,IGH:CARGPYYYDSSGYIFDYW;IGK:CQQWETF,IGH:TGTGCGAGGGGCCCGTATTACTATGATAGTAGTGGTTATATCTTTGACTACTGG;IGK:TGTCAACAGTGGGAAACTTTC
clonotype391,1,0.00239234449761,IGH:CARETTDYYDSSGYPLHAFDIW;IGK:CQQYNNWPPWTF,IGH:TGTGCGAGAGAAACGACCGATTACTATGATAGTAGTGGTTACCCCCTCCATGCTTTTGATATCTGG;IGK:TGTCAGCAGTATAATAACTGGCCTCCGTGGACGTTC
clonotype390,1,0.00239234449761,IGH:CARDGTATLTEDGVDLDYW;IGL:CGTWDTSLSAVLF,IGH:TGTGCGAGAGATGGTACAGCGACGCTTACCGAGGATGGGGTAGACTTAGACTACTGG;IGL:TGCGGAACATGGGATACCAGCCTGAGTGCTGTGCTCTTC
clonotype397,1,0.00239234449761,IGH:CAKDRDIVVVPAAPHVGLYYYMDVW;IGH:CARDLMKGGSYYLGAFDIW,IGH:TGTGCGAAAGATCGGGATATTGTAGTAGTACCAGCTGCTCCTCACGTGGGTCTCTACTACTACATGGACGTCTGG;IGH:TGTGCGAGAGATCTTATGAAGGGTGGGAGCTACTATCTCGGCGCTTTTGATATCTGG
clonotype396,1,0.00239234449761,IGH:CARVGYYDSSGYYPLTLHFDYW;IGK:CQQYGSSFTF,IGH:TGTGCGAGAGTGGGTTACTATGATAGTAGTGGTTATTACCCCCTCACCCTCCACTTTGACTACTGG;IGK:TGTCAGCAGTATGGTAGCTCATTCACTTTC
clonotype395,1,0.00239234449761,IGH:CARGGGVDPLTW;IGL:CQVWDSSTYPVVF,IGH:TGTGCGAGGGGGGGGGGAGTGGATCCTTTGACCTGG;IGL:TGCCAGGTGTGGGACAGTAGTACTTATCCCGTGGTATTC
clonotype394,1,0.00239234449761,IGH:CARAIGIAPRYYMDLW;IGK:CQQYNSYSSTF;IGK:CLQHDNFPLHF,IGH:TGTGCGAGAGCAATAGGTATAGCACCACGCTACTACATGGACCTCTGG;IGK:TGCCAACAGTATAATAGTTATTCTAGCACTTTT;IGK:TGTCTACAACATGATAATTTCCCTCTACACTTT
clonotype399,1,0.00239234449761,IGH:CARRAYCSSTSCGGDFDYW;IGL:CQAWDSSFVVF,IGH:TGTGCGAGACGGGCCTATTGTAGTAGTACCAGCTGCGGCGGGGACTTTGACTACTGG;IGL:TGTCAGGCGTGGGACAGCAGCTTTGTGGTATTC
clonotype398,1,0.00239234449761,IGH:CAKEIAGTDGMDVW;IGL:CAAWDDSLNGVVF,IGH:TGTGCGAAAGAGATAGCTGGTACGGACGGTATGGACGTCTGG;IGL:TGTGCAGCATGGGATGACAGCCTGAATGGTGTGGTATTC
clonotype308,1,0.00239234449761,IGH:CASIIAVAVNSIW;IGK:CQQYYSTLWTF;IGK:CQQRSNWPPRPF,IGH:TGTGCGAGTATTATAGCAGTGGCTGTAAACTCCATCTGG;IGK:TGTCAGCAATATTATAGTACTCTTTGGACGTTC;IGK:TGTCAGCAGCGTAGCAACTGGCCTCCGAGGCCTTTT
clonotype309,1,0.00239234449761,IGH:CARLSVAARGGFDYW;IGK:CQQYNNWPPVTF,IGH:TGTGCGAGACTGAGTGTGGCTGCCCGAGGGGGGTTTGACTACTGG;IGK:TGTCAGCAGTATAATAACTGGCCTCCTGTCACTTTT
clonotype87,1,0.00239234449761,IGH:CARHARGGYALSPFDSW;IGK:CQQYYTTVTF,IGH:TGTGCGAGACATGCCCGGGGGGGCTACGCGCTGTCCCCGTTTGACTCCTGG;IGK:TGTCAGCAATATTATACTACGGTCACTTTC
clonotype300,1,0.00239234449761,IGH:CAREYQLLLAFDIW;IGK:CQQRSNWPQTF,IGH:TGTGCGAGGGAGTACCAGCTGCTATTAGCTTTTGATATCTGG;IGK:TGTCAGCAGCGTAGCAACTGGCCTCAAACTTTT
clonotype301,1,0.00239234449761,IGH:CAKDQSYYYYGMDVW;IGL:CAAWDDSLNGVVF,IGH:TGTGCAAAAGATCAGTCCTACTACTACTACGGTATGGACGTCTGG;IGL:TGTGCAGCATGGGATGACAGCCTGAATGGTGTGGTATTC
clonotype302,1,0.00239234449761,IGH:CASGTGYSSSWLAFDIW;IGK:CQQANSFPFTF,IGH:TGTGCGAGTGGAACCGGGTATAGCAGCAGCTGGCTAGCTTTTGATATCTGG;IGK:TGTCAACAGGCTAACAGTTTCCCTTTCACTTTC
clonotype303,1,0.00239234449761,IGH:CARYLGVYYLDYW;IGK:CQQYSSSPRTF,IGH:TGTGCGCGCTATCTTGGGGTGTACTACCTTGACTACTGG;IGK:TGTCAGCAGTATAGTAGTTCACCTCGGACGTTC
clonotype304,1,0.00239234449761,IGH:CARVHEEMATTHFDYW;IGK:CQQSYSTPWTF,IGH:TGTGCCCGAGTTCATGAAGAGATGGCTACAACCCACTTTGACTACTGG;IGK:TGTCAACAGAGTTACAGTACCCCTTGGACGTTC
clonotype305,1,0.00239234449761,IGH:CANFNCGGDCYPSSYFDYW;IGK:CQQRSNWPRGTF,IGH:TGTGCGAACTTCAATTGTGGTGGTGACTGCTACCCCTCGTCTTATTTTGACTACTGG;IGK:TGTCAGCAGCGTAGCAACTGGCCCCGAGGCACTTTC
clonotype306,1,0.00239234449761,IGH:CAKDAGSGVQVW;IGK:CQQRGSWPVYTF,IGH:TGTGCGAAAGATGCGGGCTCTGGGGTACAAGTCTGG;IGK:TGTCAGCAACGTGGCAGTTGGCCTGTGTACACTTTT
clonotype307,1,0.00239234449761,IGH:CAREGRGTAVPNWFDPW;IGL:CSSYTSSSTDVVF,IGH:TGTGCGAGAGAGGGGCGTGGAACAGCGGTACCGAACTGGTTCGACCCCTGG;IGL:TGCAGCTCATATACAAGCAGCAGCACGGATGTGGTATTC
clonotype267,1,0.00239234449761,IGH:CARDQAEYFDYW;IGK:CQQYNSYSYTF,IGH:TGTGCGAGAGATCAAGCTGAATACTTTGACTACTGG;IGK:TGCCAACAGTATAATAGTTATTCGTACACTTTT
clonotype266,1,0.00239234449761,IGH:CATLTTVTRGFENW;IGK:CQQRSNWLTF,IGH:TGTGCCACATTGACTACGGTGACTAGGGGGTTTGAGAACTGG;IGK:TGTCAGCAGCGTAGCAACTGGCTCACTTTC
clonotype265,1,0.00239234449761,IGH:CARARIRGLVIKETYYFDSW;IGL:CNSYAYDRTYIF,IGH:TGTGCGAGAGCTCGCATTCGGGGACTTGTTATAAAAGAAACATACTATTTTGACTCTTGG;IGL:TGCAACTCATATGCATACGACAGGACTTATATCTTC
clonotype264,1,0.00239234449761,IGH:CAKNGVLRFLEWLSRW;IGK:CQQSYSTPWTF,IGH:TGTGCGAAAAACGGAGTATTACGATTTTTGGAGTGGTTATCCCGATGG;IGK:TGTCAACAGAGTTACAGTACCCCGTGGACGTTC
clonotype263,1,0.00239234449761,IGH:CAKDSGDFSGSGIPLPFEHW;IGL:CQVWDRGTGIF,IGH:TGTGCGAAAGATTCGGGGGATTTTTCCGGCTCGGGGATCCCCCTCCCCTTCGAACACTGG;IGL:TGTCAGGTCTGGGACCGCGGTACTGGGATCTTC
clonotype262,1,0.00239234449761,IGH:CAKYPEYQLLYCDYW;IGL:CSYAGSYTLVF,IGH:TGTGCGAAATACCCGGAGTACCAGCTGCTATACTGCGACTACTGG;IGL:TGCTCATATGCAGGCAGCTACACTTTGGTATTC
clonotype261,1,0.00239234449761,IGH:CTRAMVRGVPTHQYFDLW;IGK:CMQALQTPWTF,IGH:TGTACTAGAGCTATGGTTCGGGGAGTCCCGACCCACCAGTACTTCGATCTCTGG;IGK:TGCATGCAAGCTCTACAAACTCCGTGGACGTTC
clonotype260,1,0.00239234449761,IGH:CARGCSGGSCYSGAFDIW;IGK:CQHSYTNTPGF;IGL:CSSYTSSSTLVVF,IGH:TGTGCGAGGGGTTGTAGTGGTGGTAGCTGCTACTCAGGCGCTTTTGATATCTGG;IGK:TGTCAACACAGTTACACTAATACTCCGGGGTTC;IGL:TGCAGCTCATATACAAGCAGCAGCACTCTCGTGGTATTC
clonotype269,1,0.00239234449761,IGH:CASLVGSNYHFDYW;IGK:CLQHNSYPRTF,IGH:TGTGCGAGTTTGGTAGGAAGTAACTACCACTTTGACTACTGG;IGK:TGTCTACAGCATAATAGTTACCCTCGGACGTTC
clonotype268,1,0.00239234449761,IGH:CAKGSTYYDFWSGYYTAYGMDVW,IGH:TGTGCGAAAGGGTCGACGTATTACGATTTTTGGAGTGGTTATTATACGGCCTACGGTATGGACGTCTGG
clonotype81,1,0.00239234449761,IGH:CARDRERFAGVVMWADYW;IGL:CQSYDSSLSGLRVF,IGH:TGTGCGAGAGATCGAGAACGTTTCGCTGGAGTGGTTATGTGGGCTGACTACTGG;IGL:TGCCAGTCCTATGACAGCAGCCTGAGTGGTTTAAGGGTATTC
clonotype414,1,0.00239234449761,IGH:CARDATRGGDCDYW;IGK:CQQYYSTPPYTF,IGH:TGTGCGAGAGATGCTACCAGGGGTGGTGACTGTGACTACTGG;IGK:TGTCAGCAATATTACAGTACTCCTCCGTACACTTTT
clonotype415,1,0.00239234449761,IGH:CAKDLPHDYVWGSPGADAFDIW;IGK:CQQSYSTPLTF,IGH:TGTGCGAAAGATCTGCCCCATGATTACGTTTGGGGGAGCCCTGGGGCTGATGCTTTTGATATCTGG;IGK:TGTCAACAGAGTTACAGTACCCCGCTCACTTTC
clonotype416,1,0.00239234449761,IGH:CARLTEYYYDSSGDAFDIW;IGK:CQQYGSSPRTF,IGH:TGTGCGAGACTTACGGAGTATTACTATGATAGTAGTGGAGATGCTTTTGATATCTGG;IGK:TGTCAGCAGTATGGTAGCTCACCCCGGACGTTC
clonotype417,1,0.00239234449761,IGK:CMQGTHWPPWTF,IGK:TGCATGCAAGGTACACACTGGCCTCCGTGGACGTTC
clonotype410,1,0.00239234449761,IGH:CAKPDYYGSGSYSHWFDPW;IGL:CQVWDSSTVVF,IGH:TGTGCGAAACCTGATTACTATGGTTCGGGGAGTTATTCGCACTGGTTCGACCCCTGG;IGL:TGTCAGGTGTGGGACAGCAGCACCGTGGTATTC
clonotype411,1,0.00239234449761,IGH:CARATAVPGVPAEGYYGMDVW;IGK:CQQYNSYLYTF,IGH:TGTGCGAGAGCCACGGCGGTCCCGGGAGTACCAGCTGAGGGCTACTACGGTATGGACGTCTGG;IGK:TGCCAACAGTATAATAGTTATTTGTACACTTTT
clonotype412,1,0.00239234449761,IGH:CARAPLLYSSGWYSNW;IGK:CQQYNSYSPSWTF,IGH:TGTGCGAGAGCTCCCCTCCTATATAGCAGTGGCTGGTACTCGAACTGG;IGK:TGCCAACAGTATAATAGTTATTCTCCTTCGTGGACGTTC
clonotype413,1,0.00239234449761,IGH:CARGSGDPW;IGK:CQQSYSTSWTF,IGH:TGTGCGAGAGGGTCTGGCGACCCCTGG;IGK:TGTCAACAGAGTTACAGTACCTCGTGGACGTTC
